Index,Updated,ShortPub,Publisher,Chunk,Title,Genre,Author (if known),Directory,Boot Address,To Run,Notes,Filenames,Status,Collection,32K RAM,FP ROM,Documentation Link
1,V1,A&F,A&F S/W,A.Commercial Software,Cylon Attack,Game,,AF,8200,"CH.""CYLONATT""",Works,CYLONATT,present,,,,
2,V2,A&F,A&F S/W,A.Commercial Software,Death Satellite,Adventure,,AF,8200,"CH.""CYLONATT""",Works,"ADV1P
ADV1D",present,,,,
3,V1,A&F,A&F S/W,A.Commercial Software,Early Warning,Game,,AF,8200,"CH.""EARLYWAR""",Works,EARLYWAR,present,,,,
4,V1,A&F,A&F S/W,A.Commercial Software,Painter (32K),Game,,AF,8200,*RUN PAINTER,Works,PAINTER,present,,Yes*,,
5,V1,A&F,A&F S/W,A.Commercial Software,Polecat,Game,,AF,8200,"CH.""POLECAT""",Works,POLECAT,present,,,,
6,V1,A&F,A&F S/W,A.Commercial Software,Space Panic (32K),Game,,AF,8200,*RUN PANIC,Works,PANIC,present,,Yes*,,
7,,A&F,A&F S/W,A.Commercial Software,Starburst,Game,,AF,,,,,missing,,,,
8,V1,A&F,A&F S/W,A.Commercial Software,Torpedo Run,Game,,AF,8200,*RUN TORPEDOR,Works,TORPEDOR,present,,,,
9,V2,A&F,A&F S/W,A.Commercial Software,Zodiac,Adventure,,AF,8200,"*LOAD ADV2P
*RUN ADV2D",Works,"ADV2P
ADV2D",present,,,,
10,V1,A&R,A&R S/W,A.Commercial Software,Trap,Game,,AR,8200,*RUN TRAP,Works,TRAP,present,,,,
11,,AA,Aardvark,A.Commercial Software,Hedgehog,Game,,AA,,,,,missing,,,,
12,,AA,Aardvark,A.Commercial Software,Invaders,Game,,AA,,,,,missing,,,,
13,V1,AS,Acornsoft,A.Commercial Software,House,Adventure,,AS/ADVENT,8200,"*LOAD ADVENTUR
*RUN HOUSE",Works,"ADVENTUR
HOUSE",present,Atom Adventures,,No,http://wouter.bbcmicro.net/_archive/atom/scans/acornsoft/adventures/thumbnails.html
14,V1,AS,Acornsoft,A.Commercial Software,Dungeon,Adventure,,AS/ADVENT,8200,"*LOAD ADVENTUR
*RUN DUNGEON",Works,"ADVENTUR
DUNGEON",present,Atom Adventures,,No,http://wouter.bbcmicro.net/_archive/atom/scans/acornsoft/adventures/thumbnails.html
15,V1,AS,Acornsoft,A.Commercial Software,Intergalactic,Adventure,,AS/ADVENT,8200,"*LOAD ADVENTUR
*RUN INTERGAL",Works,"ADVENTUR
INTERGAL",present,Atom Adventures,,No,http://wouter.bbcmicro.net/_archive/atom/scans/acornsoft/adventures/thumbnails.html
16,V1,AS,Acornsoft,A.Commercial Software,Sphinx Adv (32K),Adventure,,AS/ADVENT,8200,*RUN SPHINX,Works,"SPHINX
SPHINX1
SPHINX2
SPHINXIN",present,Atom Adventures,Yes,No,
17,V1,AS,Acornsoft,A.Commercial Software,AtomCalc,Business,,AS/ATOMCALC,8200,*RUN ATOMCALC,Works,ATOMCALC,present,,,Yes,http://members.casema.nl/hhaydn/manual/calc/calc.htm
18,V1,AS,Acornsoft,A.Commercial Software,ADDUP,Business,,AS/BUSINESS,8200,"CH.""ADDUP""",Works,ADDUP,present,Atom Business,,No,http://silicon-heaven.com/atom/manual/bussin.html
19,V1,AS,Acornsoft,A.Commercial Software,LABEL,Business,,AS/BUSINESS,8200,"CH.""LABEL""",Works,LABEL,present,Atom Business,,No,http://silicon-heaven.com/atom/manual/bussin.html
20,V1,AS,Acornsoft,A.Commercial Software,WTMS,Business,,AS/BUSINESS,8200,"CH.""WTMS""",Works,WTMS,present,Atom Business,,No,http://silicon-heaven.com/atom/manual/bussin.html
21,V1,AS,Acornsoft,A.Commercial Software,DCF,Business,,AS/BUSINESS,8200,"CH.""DCF""",Works,DCF,present,Atom Business,,No,http://silicon-heaven.com/atom/manual/bussin.html
22,V1,AS,Acornsoft,A.Commercial Software,SALES,Business,,AS/BUSINESS,8200,"CH.""SALES""","Broken - Uses FOUT, SPUT, FPUT so won't work with AtomMMC",SALES,present,Atom Business,,No,http://silicon-heaven.com/atom/manual/bussin.html
23,V1,AS,Acornsoft,A.Commercial Software,GRAPH,Business,,AS/BUSINESS,8200,"CH.""GRAPH""","Broken - Uses FIN, SGET, FGET so won't work with AtomMMC",GRAPH,present,Atom Business,,No,http://silicon-heaven.com/atom/manual/bussin.html
24,V1,AS,Acornsoft,A.Commercial Software,NOM,Business,,AS/BUSINESS,8200,"CH.""NOM""",Works,NOM,present,Atom Business,,No,http://silicon-heaven.com/atom/manual/bussin.html
25,V1,AS,Acornsoft,A.Commercial Software,BUDG,Business,,AS/BUSINESS,8200,"CH.""BUDG""",Works,BUDG,present,Atom Business,,No,http://silicon-heaven.com/atom/manual/bussin.html
26,V1,AS,Acornsoft,A.Commercial Software,EXS,Business,,AS/BUSINESS,8200,"CH.""EXS""",Works,EXS,present,Atom Business,,No,http://silicon-heaven.com/atom/manual/bussin.html
27,V1,AS,Acornsoft,A.Commercial Software,STD,Business,,AS/BUSINESS,8200,"CH.""STD""",Works,STD,present,Atom Business,,No,http://silicon-heaven.com/atom/manual/bussin.html
28,V1,AS,Acornsoft,A.Commercial Software,QUE,Business,,AS/BUSINESS,8200,"CH.""QUE""",Works,QUE,present,Atom Business,,No,http://silicon-heaven.com/atom/manual/bussin.html
29,V2,AS,Acornsoft,A.Commercial Software,Chess,Game,,AS/CHESS,8200,*RUN CHESS,Works - Keys: [ ] history; X reset; moves e.g. A2 A4; R - let computer move.,CHESS,present,,,No,
30,V2,AS,Acornsoft,A.Commercial Software,Database,Business,,AS/DATABASE,2800,"*LOAD WINELIST
CH.""DATABASE""","Works - slow to start; seems to be scanning all memory in basic and getting confused by 32K RAM. If you have 32K RAM, *LOAD WINELIST 4000 will speed things up. Loads to command prompt after a minute. ","DATABASE
WINELIST",present,,,No,http://atomclub.nl/atom_handleidingen/dbase/dbase01.htm
31,V3,AS,Acornsoft,A.Commercial Software,Address Book,Business,,AS/DIARY,8200,"CH.""ADRBOOK""",Works,ADRBOOK,present,Atom Desk Diary,,No,http://members.casema.nl/hhaydn/manual/desk.html
32,V1,AS,Acornsoft,A.Commercial Software,Planner,Business,,AS/DIARY,8200,"CH.""PLANNER""",Works,PLANNER,present,Atom Desk Diary,,No,http://members.casema.nl/hhaydn/manual/desk.html
33,V3,AS,Acornsoft,A.Commercial Software,Forth,Language,,AS/FORTH,8200,"*LOAD FORTH-D
*RUN FORTH-C",Works,"FORTH
FORTH-C
FORTH-D
PAGE2
EDITOR
EDITOR1
EDITOR2
EDITOR3
EDITOR4
EDITOR5
EDITOR6
EDITOR7
DEMO
DEMO1
DEMO3
DEMO4
DEMO5
PROTOVDU",present,,,No,http://www.vintagecomputer.net/fjkraan/comp/atom/doc/ForthTheory&Practice_00-09.pdf
34,V1,AS,Acornsoft,A.Commercial Software,Asteroids,Game,,AS/GAMES01,8200,"CH.""ASTEROID""",Works,ASTEROID,present,Games Pack 1,,No,http://atomclub.nl/atom_handleidingen/misc/gp1.html
35,V1,AS,Acornsoft,A.Commercial Software,Sub Hunt,Game,,AS/GAMES01,8200,"CH.""SUBHUNT""",Works,SUBHUNT,present,Games Pack 1,,Yes,http://atomclub.nl/atom_handleidingen/misc/gp1.html
36,V1,AS,Acornsoft,A.Commercial Software,Breakout,Game,,AS/GAMES01,8200,"CH.""BREAKOUT""",Works,BREAKOUT,present,Games Pack 1,,No,http://atomclub.nl/atom_handleidingen/misc/gp1.html
37,V1,AS,Acornsoft,A.Commercial Software,Dog Fight,Game,,AS/GAMES02,8200,"CH. ""DOGFIGHT""",Works,DOGFIGHT,present,Games Pack 2,,No,http://atomclub.nl/atom_handleidingen/misc/gp2.html
38,V1,AS,Acornsoft,A.Commercial Software,Mastermind,Game,,AS/GAMES02,8200,"CH. ""MASTERMI""",Works,MASTERMI,present,Games Pack 2,,No,http://atomclub.nl/atom_handleidingen/misc/gp2.html
39,V1,AS,Acornsoft,A.Commercial Software,Zombie,Game,,AS/GAMES02,8200,"CH. ""ZOMBIE""",Works,ZOMBIE,present,Games Pack 2,,No,http://atomclub.nl/atom_handleidingen/misc/gp2.html
40,V1,AS,Acornsoft,A.Commercial Software,Rat Trap,Game,,AS/GAMES03,8200,"CH.""RATTRAP""",Works,RATTRAP,present,Games Pack 3,,No,http://atomclub.nl/atom_handleidingen/misc/gp3.html
41,V1,AS,Acornsoft,A.Commercial Software,Lunar Lander,Game,,AS/GAMES03,8200,"CH.""LANDER""",Works,LANDER,present,Games Pack 3,,No,http://atomclub.nl/atom_handleidingen/misc/gp3.html
42,V1,AS,Acornsoft,A.Commercial Software,Black Box,Game,,AS/GAMES03,8200,"CH.""BLACKBOX""",Works,BLACKBOX,present,Games Pack 3,,No,http://atomclub.nl/atom_handleidingen/misc/gp3.html
43,V1,AS,Acornsoft,A.Commercial Software,Star Trek,Game,,AS/GAMES04,8200,"CH.""STARTREK""",Works,STARTREK,present,Games Pack 4,,No,http://atomclub.nl/atom_handleidingen/misc/gp4.html
44,V1,AS,Acornsoft,A.Commercial Software,Four Row,Game,,AS/GAMES04,8200,"CH.""FOURROW""",Works,FOURROW,present,Games Pack 4,,No,http://atomclub.nl/atom_handleidingen/misc/gp4.html
45,V1,AS,Acornsoft,A.Commercial Software,Space Attack,Game,,AS/GAMES04,8200,"CH.""ATTACK""",Works,ATTACK,present,Games Pack 4,,No,http://atomclub.nl/atom_handleidingen/misc/gp4.html
46,V1,AS,Acornsoft,A.Commercial Software,Invaders,Game,,AS/GAMES05,8200,"CH.""INVADERS""",Works,INVADERS,present,Games Pack 5,,No,http://atomclub.nl/atom_handleidingen/misc/gp5.html
47,V1,AS,Acornsoft,A.Commercial Software,Wumpus,Game,,AS/GAMES05,8200,"CH.""WUMPUS""",Works,WUMPUS,present,Games Pack 5,,No,http://atomclub.nl/atom_handleidingen/misc/gp5.html
48,V1,AS,Acornsoft,A.Commercial Software,Reverse,Game,,AS/GAMES05,8200,"CH.""REVERSI""",Works,REVERSI,present,Games Pack 5,,No,http://atomclub.nl/atom_handleidingen/misc/gp5.html
49,V1,AS,Acornsoft,A.Commercial Software,Dodgems,Game,,AS/GAMES06,8200,"CH.""DODGEMS""",Works,DODGEMS,present,Games Pack 6,,No,http://atomclub.nl/atom_handleidingen/misc/gp6.html
50,V1,AS,Acornsoft,A.Commercial Software,Simon,Game,,AS/GAMES06,8200,"CH.""SIMON""",Works,SIMON,present,Games Pack 6,,No,http://atomclub.nl/atom_handleidingen/misc/gp6.html
51,V1,AS,Acornsoft,A.Commercial Software,Amoeba,Game,,AS/GAMES06,8200,"CH.""AMOEBA""",Works,AMOEBA,present,Games Pack 6,,No,http://atomclub.nl/atom_handleidingen/misc/gp6.html
52,V1,AS,Acornsoft,A.Commercial Software,Green Things,Game,,AS/GAMES07,8200,"CH.""GREENTHI""",Works,GREENTHI,present,Games Pack 7,,No,http://atomclub.nl/atom_handleidingen/misc/gp7.html
53,V1,AS,Acornsoft,A.Commercial Software,Balistics,Game,,AS/GAMES07,8200,"CH.""BALLISTI""",Works,BALLISTI,present,Games Pack 7,,No,http://atomclub.nl/atom_handleidingen/misc/gp7.html
54,V1,AS,Acornsoft,A.Commercial Software,Snake,Game,,AS/GAMES07,8200,"CH.""SNAKE""",Works,SNAKE,present,Games Pack 7,,No,http://atomclub.nl/atom_handleidingen/misc/gp7.html
55,V1,AS,Acornsoft,A.Commercial Software,Star Gate,Game,,AS/GAMES08,8200,"CH.""STARGATE""",Works,STARGATE,present,Games Pack 8,,No,http://silicon-heaven.com/atom/manual/gp/gp8.html
56,V1,AS,Acornsoft,A.Commercial Software,Go Moku,Game,,AS/GAMES08,8200,"CH.""GOMOKU""",Works,GOMOKU,present,Games Pack 8,,No,http://silicon-heaven.com/atom/manual/gp/gp8.html
57,V1,AS,Acornsoft,A.Commercial Software,Robots,Game,,AS/GAMES08,8200,"CH.""ROBOTS""",Works,ROBOTS,present,Games Pack 8,,No,http://silicon-heaven.com/atom/manual/gp/gp8.html
58,V1,AS,Acornsoft,A.Commercial Software,Snapper,Game,,AS/GAMES09,8200,"CH.""SNAPPER""",Works,SNAPPER,present,Games Pack 9,,No,http://atomclub.nl/atom_handleidingen/misc/gp9.html
59,V1,AS,Acornsoft,A.Commercial Software,Minotaur,Game,,AS/GAMES09,8200,"CH.""MINOTAUR""",Works,MINOTAUR,present,Games Pack 9,,No,http://atomclub.nl/atom_handleidingen/misc/gp9.html
60,V1,AS,Acornsoft,A.Commercial Software,Babies,Game,,AS/GAMES09,8200,"CH.""BABIES""",Works,BABIES,present,Games Pack 9,,No,http://atomclub.nl/atom_handleidingen/misc/gp9.html
61,V2,AS,Acornsoft,A.Commercial Software,Bombs Away,Game,,AS/GAMES10,2800,"?18=130
*RUN BOMBSAW",Works,BOMBSAW,present,Games Pack 10,,No,http://atomclub.nl/atom_handleidingen/misc/gp10.html
62,V2,AS,Acornsoft,A.Commercial Software,Breakout,Game,,AS/GAMES10,2800,"?18=130
*RUN BREAKOUT",Works,BREAKOUT,present,Games Pack 10,,No,http://atomclub.nl/atom_handleidingen/misc/gp10.html
63,V2,AS,Acornsoft,A.Commercial Software,Hectic,Game,,AS/GAMES10,2800,"?18=130
*RUN HECTIC",Works,HECTIC,present,Games Pack 10,,No,http://atomclub.nl/atom_handleidingen/misc/gp10.html
64,V2,AS,Acornsoft,A.Commercial Software,Mastermind,Game,,AS/GAMES10,2800,"?18=130
*RUN MASTERMI",Works,MASTERMI,present,Games Pack 10,,No,http://atomclub.nl/atom_handleidingen/misc/gp10.html
65,V2,AS,Acornsoft,A.Commercial Software,Moon,Game,,AS/GAMES10,2800,"?18=130
*RUN MOON",Works,MOON,present,Games Pack 10,,No,http://atomclub.nl/atom_handleidingen/misc/gp10.html
66,V2,AS,Acornsoft,A.Commercial Software,Simon,Game,,AS/GAMES10,2800,"?18=130
*RUN SIMON",Works,SIMON,present,Games Pack 10,,No,http://atomclub.nl/atom_handleidingen/misc/gp10.html
67,V2,AS,Acornsoft,A.Commercial Software,Ski Run,Game,,AS/GAMES10,2800,"?18=130
*RUN SKIRUN",Works,SKIRUN,present,Games Pack 10,,No,http://atomclub.nl/atom_handleidingen/misc/gp10.html
68,V2,AS,Acornsoft,A.Commercial Software,Snake,Game,,AS/GAMES10,2800,"?18=130
*RUN SNAKE",Works,SNAKE,present,Games Pack 10,,No,http://atomclub.nl/atom_handleidingen/misc/gp10.html
69,V2,AS,Acornsoft,A.Commercial Software,Squash,Game,,AS/GAMES10,2800,"?18=130
*RUN SQUASH",Works,SQUASH,present,Games Pack 10,,No,http://atomclub.nl/atom_handleidingen/misc/gp10.html
70,V2,AS,Acornsoft,A.Commercial Software,Track,Game,,AS/GAMES10,2800,"?18=130
*RUN TRACK",Works,TRACK,present,Games Pack 10,,No,http://atomclub.nl/atom_handleidingen/misc/gp10.html
71,V3,AS,Acornsoft,A.Commercial Software,Missile Base,Game,,AS/GAMES11,8200,"*LOAD PART2
*RUN MISSILE",Works,MISSILE,present,Games Pack 11,,No,http://atomclub.nl/atom_handleidingen/misc/gp11.html
72,V1,AS,Acornsoft,A.Commercial Software,Snooker,Game,,AS/GAMES11,8200,"CH.""SNOOKER""",Works,SNOOKER,present,Games Pack 11,,No,http://atomclub.nl/atom_handleidingen/misc/gp11.html
73,V1,AS,Acornsoft,A.Commercial Software,Dominoes,Game,,AS/GAMES11,8200,"CH.""DOMINO""",Works,DOMINO,present,Games Pack 11,,No,http://atomclub.nl/atom_handleidingen/misc/gp11.html
74,V1,AS,Acornsoft,A.Commercial Software,Introduction,Educational,,AS/INTRO1,8200,*RUN INTRODUC,Works,INTRODUC,present,Intro Pack 1,,No,http://atomclub.nl/atom_handleidingen/introp/introp01.htm
75,V1,AS,Acornsoft,A.Commercial Software,Numbers,Educational,,AS/INTRO1,8200,*RUN NUMBERS,Works,NUMBERS,present,Intro Pack 1,,No,http://atomclub.nl/atom_handleidingen/introp/introp01.htm
76,V1,AS,Acornsoft,A.Commercial Software,Text,Educational,,AS/INTRO1,8200,*RUN TEXT,Works,TEXT,present,Intro Pack 1,,No,http://atomclub.nl/atom_handleidingen/introp/introp01.htm
77,V1,AS,Acornsoft,A.Commercial Software,Programs,Educational,,AS/INTRO1,8200,*RUN PROGRAMS,Works,PROGRAMS,present,Intro Pack 1,,No,http://atomclub.nl/atom_handleidingen/introp/introp01.htm
78,V1,AS,Acornsoft,A.Commercial Software,Functions,Educational,,AS/INTRO1,8200,*RUN FUNCTION,Works,FUNCTION,present,Intro Pack 1,,No,http://atomclub.nl/atom_handleidingen/introp/introp01.htm
79,V1,AS,Acornsoft,A.Commercial Software,Input,Educational,,AS/INTRO1,8200,*RUN INPUT,Works,INPUT,present,Intro Pack 1,,No,http://atomclub.nl/atom_handleidingen/introp/introp01.htm
80,V1,AS,Acornsoft,A.Commercial Software,Jumps,Educational,,AS/INTRO1,8200,*RUN JUMPS,Works,JUMPS,present,Intro Pack 1,,No,http://atomclub.nl/atom_handleidingen/introp/introp01.htm
81,V1,AS,Acornsoft,A.Commercial Software,Tests,Educational,,AS/INTRO1,8200,*RUN TESTS,Works,TESTS,present,Intro Pack 1,,No,http://atomclub.nl/atom_handleidingen/introp/introp01.htm
82,V1,AS,Acornsoft,A.Commercial Software,Loops,Educational,,AS/INTRO1,8200,*RUN LOOPS,Works,LOOPS,present,Intro Pack 1,,No,http://atomclub.nl/atom_handleidingen/introp/introp01.htm
83,V1,AS,Acornsoft,A.Commercial Software,Graphics,Educational,,AS/INTRO1,8200,*RUN GRAPHICS,Works,GRAPHICS,present,Intro Pack 1,,No,http://atomclub.nl/atom_handleidingen/introp/introp01.htm
84,V1,AS,Acornsoft,A.Commercial Software,MiniCalc,Business,,AS/INTRO2,8200,*RUN MINICALC,Works,MINICALC,present,Intro Pack 2,,No,http://atomclub.nl/atom_handleidingen/introp/introp01.htm
85,V1,AS,Acornsoft,A.Commercial Software,Sales,Business,,AS/INTRO2,8200,*RUN SALES,Works,SALES,present,Intro Pack 2,,No,http://atomclub.nl/atom_handleidingen/introp/introp01.htm
86,V1,AS,Acornsoft,A.Commercial Software,Telephone Book,Business,,AS/INTRO3,8200,*RUN TBOOK,Works,"TBOOK
TDATA",present,Intro Pack 3,,No,http://atomclub.nl/atom_handleidingen/introp/introp01.htm
87,V1,AS,Acornsoft,A.Commercial Software,Touch Types,Educational,,AS/INTRO3,8200,*RUN TYPER,Works,TYPER,present,Intro Pack 3,,No,http://atomclub.nl/atom_handleidingen/introp/introp01.htm
88,V1,AS,Acornsoft,A.Commercial Software,Timer,Utility,,AS/INTRO3,8200,*RUN TIMER,Works,TIMER,present,Intro Pack 3,,No,http://atomclub.nl/atom_handleidingen/introp/introp01.htm
89,V1,AS,Acornsoft,A.Commercial Software,Attack,Game,,AS/INTRO4,8200,*RUN ATTACK,Works,ATTACK,present,Intro Pack 4,,No,http://atomclub.nl/atom_handleidingen/introp/introp01.htm
90,V1,AS,Acornsoft,A.Commercial Software,Connect 4,Game,,AS/INTRO4,8200,*RUN CONNECT4,Works,CONNECT4,present,Intro Pack 4,,No,http://atomclub.nl/atom_handleidingen/introp/introp01.htm
91,V1,AS,Acornsoft,A.Commercial Software,Breakout,Game,,AS/INTRO4,8200,*RUN BREAKOUT,Works,BREAKOUT,present,Intro Pack 4,,No,http://atomclub.nl/atom_handleidingen/introp/introp01.htm
92,V1,AS,Acornsoft,A.Commercial Software,Memory,Game,,AS/INTRO4,8200,*RUN MEMORY,Works,MEMORY,present,Intro Pack 4,,No,http://atomclub.nl/atom_handleidingen/introp/introp01.htm
93,V1,AS,Acornsoft,A.Commercial Software,Mastermind,Game,,AS/INTRO4,8200,*RUN MASTERMI,Works,MASTERMI,present,Intro Pack 4,,No,http://atomclub.nl/atom_handleidingen/introp/introp01.htm
94,V2,AS,Acornsoft,A.Commercial Software,Life,Simulation,,AS/LIFE,8200,"CH.""LIFE""",Works,"LIFE
LIFEPA
LIFEPB
LIFEPC
LIFEPD
LIFEPE",present,,,No,http://atomclub.nl/atom_handleidingen/misc/life.html
95,V1,AS,Acornsoft,A.Commercial Software,Lisp,Language,,AS/LISP,3B00,"*LOAD LISP
*RUN LISP2",Works,"LISP
LISP2",present,,,No,http://www.vintagecomputer.net/fjkraan/comp/atom/doc/LispTheory&Practice.pdf
96,V1,AS,Acornsoft,A.Commercial Software,Plot,Utility,,AS/MATHS1,8200,"CH.""PLOT""",Works,PLOT,present,Maths Pack 1,,No,
97,V1,AS,Acornsoft,A.Commercial Software,Simultaneous Equations,Utility,,AS/MATHS1,8200,"CH.""SIMULTAN""",Works,SIMULTAN,present,Maths Pack 1,,No,
98,V1,AS,Acornsoft,A.Commercial Software,Linear Regression,Utility,,AS/MATHS1,8200,"CH.""REGRESSI""",Works,REGRESSI,present,Maths Pack 1,,No,
99,V1,AS,Acornsoft,A.Commercial Software,Polynomial,Utility,,AS/MATHS2,8200,"CH.""POLYNOM""",Works,POLYNOM,present,Maths Pack 2,,Yes,http://atomclub.nl/atom_handleidingen/misc/math2.html
100,V1,AS,Acornsoft,A.Commercial Software,Rational,Utility,,AS/MATHS2,8200,"CH.""RATIONAL""",Works,RATIONAL,present,Maths Pack 2,,Yes,http://atomclub.nl/atom_handleidingen/misc/math2.html
101,V3,AS,Acornsoft,A.Commercial Software,Triginometry,Utility,,AS/MATHS2,8200,"CH.""TRIGONOM""",Works,TRIGONOM,present,Maths Pack 2,,Yes,http://atomclub.nl/atom_handleidingen/misc/math2.html
102,V1,AS,Acornsoft,A.Commercial Software,Fourier,Utility,,AS/MATHS2,8200,"CH.""FOURIER""",Works,FOURIER,present,Maths Pack 2,,Yes,http://atomclub.nl/atom_handleidingen/misc/math2.html
103,V1,AS,Acornsoft,A.Commercial Software,Pascal (32K),Language,,AS/PASCAL,8200,*RUN PASCAL,Works,PASCAL,present,,Yes,No,http://members.casema.nl/hhaydn/pascal/pascal.html
104,V1,AS,Acornsoft,A.Commercial Software,Peeko Computer,Educational,,AS/PEEKO,8200,"CH.""PEEKO""",Works,"PEEKO
ADD
COPY
FACTOR",present,,,No,http://atomclub.nl/atom_handleidingen/asof/peeko.html
105,V1,AS,Acornsoft,A.Commercial Software,White on Black,Utility,,AS/SOFTVDU,8200,*RUN VDUB,Works,VDUW,present,Soft VDU,,No,http://silicon-heaven.com/atom/manual/softvdu.html
106,V1,AS,Acornsoft,A.Commercial Software,Black on White,Utility,,AS/SOFTVDU,8200,*RUN VDUW,Works,VDUB,present,Soft VDU,,No,http://silicon-heaven.com/atom/manual/softvdu.html
107,V1,AS,Acornsoft,A.Commercial Software,Designer,Utility,,AS/SOFTVDU,8200,"*RUN VDUB
CH.""DESIGN""",Works,DESIGN,present,Soft VDU,,No,http://silicon-heaven.com/atom/manual/softvdu.html
108,V1,AS,Acornsoft,A.Commercial Software,Synthesiser,Music,,AS/SYNTH,8200,"CH.""SYNTH""",Works,"SYNTH
TOCCATA
SEASIDE
PICNIC",present,,,No,
109,V3,AS,Acornsoft,A.Commercial Software,Disassembler,Utility,,AS/UTILS1,8200,*RUN DISASAS,Works,DISASAS,present,Utility Pack 1,,No,
110,V3,AS,Acornsoft,A.Commercial Software,Fast Cassette OS,Utility,,AS/UTILS1,9700,"?18=130
CH.""FASTCOS""",Works,FASTCOS,present,Utility Pack 1,,No,
111,V1,AS,Acornsoft,A.Commercial Software,Renumber,Utility,,AS/UTILS1,8200,*RUN RENUM,Works,RENUM,present,Utility Pack 1,,No,
112,V1,AS,Acornsoft,A.Commercial Software,Wordpack (32K),Business,,AS/WORDPACK,8200,*RUN ED64,Works,ED64,present,,Yes,,
113,V1,AS,Acornsoft,A.Commercial Software,Pairs,Educational,,AS/WORDTUT,3B00,"*LOAD PAIRSD
CH.""PAIRS""",Works,"PAIRS
PAIRSD",present,Atom Word Tutor,,No,
114,V1,AS,Acornsoft,A.Commercial Software,Relations,Educational,,AS/WORDTUT,3B00,"*LOAD RELATD
CH.""RELAT""",Works,"RELAT
RELATD",present,Atom Word Tutor,,No,
115,V1,AS,Acornsoft,A.Commercial Software,Sentences,Educational,,AS/WORDTUT,3B00,"*LOAD SENTD
CH.""SENTENS""",Works,"SENTENS
SENTD",present,Atom Word Tutor,,No,
116,,AT,Atomic S/W,A.Commercial Software,3-Towers,Game,,AT,,,,,missing,,,,
117,,AT,Atomic S/W,A.Commercial Software,Auto-Number,Utility,,AT,,,,,missing,,,,
118,,AT,Atomic S/W,A.Commercial Software,Blocade,Game,,AT,,,,,missing,,,,
119,,AT,Atomic S/W,A.Commercial Software,Dump Utilities,Utility,,AT,,,,,missing,,,,
120,,AT,Atomic S/W,A.Commercial Software,Keyboard-Scan,Utility,,AT,,,,,missing,,,,
121,V5,AT,Atomic S/W,A.Commercial Software,Life,Simulation,D.P. Saville,AT,8200,"CH.""LIFE""",Works,LIFE,present,,,,
122,,AT,Atomic S/W,A.Commercial Software,Lunar Lander,Game,,AT,,,,,missing,,,,
123,V5,AT,Atomic S/W,A.Commercial Software,Mindmaster,Game,D.P. Saville,AT,8200,"CH.""MINDMAS""",Works,MINDMAS,present,,,,
124,,AT,Atomic S/W,A.Commercial Software,Program-Move,Utility,,AT,,,,,missing,,,,
125,,AT,Atomic S/W,A.Commercial Software,Sketch,Graphics,,AT,,,,,missing,,,,
126,,AT,Atomic S/W,A.Commercial Software,Ski Run,Game,,AT,,,,,missing,,,,
127,V5,AT,Atomic S/W,A.Commercial Software,Space Adventure,Adventure,,AT,8200,"CH.""SPACE""",Works,SPACE,present,,,,
128,,AT,Atomic S/W,A.Commercial Software,Word Processor,Business,,AT,,,,,missing,,,,
129,V1,BB,Bug Byte,A.Commercial Software,747,Game,,BB,8200,"CH.""747""",Works,747,present,,,Yes,
130,,BB,Bug Byte,A.Commercial Software,2K Programs 1 - Hangman,Game,,BB,,,,,arcadian,2K Programs 1,,,
131,,BB,Bug Byte,A.Commercial Software,2K Programs 1 - Moon Landing,Game,,BB,,,,,arcadian,2K Programs 1,,,
132,,BB,Bug Byte,A.Commercial Software,2K Programs 1 - Reaction Test,Game,,BB,,,,,arcadian,2K Programs 1,,,
133,,BB,Bug Byte,A.Commercial Software,2K Programs 1 - Torpedo,Game,,BB,,,,,arcadian,2K Programs 1,,,
134,,BB,Bug Byte,A.Commercial Software,2K Programs 2 - Calendar,Game,,BB,,,,,arcadian,2K Programs 2,,,
135,,BB,Bug Byte,A.Commercial Software,2K Programs 2 - Life,Game,,BB,,,,,arcadian,2K Programs 2,,,
136,,BB,Bug Byte,A.Commercial Software,2K Programs 2 - O's and X's,Game,,BB,,,,,arcadian,2K Programs 2,,,
137,,BB,Bug Byte,A.Commercial Software,2K Programs 2 - Tunes,Game,,BB,,,,,arcadian,2K Programs 2,,,
138,,BB,Bug Byte,A.Commercial Software,2K Programs 3 - Atom Invasion,Game,,BB,,,,,missing,2K Programs 3,,,
139,,BB,Bug Byte,A.Commercial Software,2K Programs 3 - Mini Breakout,Game,,BB,,,,,missing,2K Programs 3,,,
140,V5,BB,Bug Byte,A.Commercial Software,Alien Destroy,Game,,BB,8200,"CH.""ALIEN""",Works,ALIEN,present,,,,
141,V2,BB,Bug Byte,A.Commercial Software,Atom Breakout,Game,,BB,8200,"CH.""BKOUT""",Works,"BKOUT
BKOUTINS",present,,,,
142,V1,BB,Bug Byte,A.Commercial Software,Atom Invaders,Game,,BB,8200,"CH.""INVADBB""",Works,INVADBB,present,,,,
143,V1,BB,Bug Byte,A.Commercial Software,Backgammon,Game,,BB,8200,"CH.""BACKGAM""",Works,BACKGAM,present,,,,
144,V5,BB,Bug Byte,A.Commercial Software,Battleships,Game,,BB,8200,"CH.""BATSHIP""",Works,BATSHIP,present,,,,
145,V1,BB,Bug Byte,A.Commercial Software,Bio-Rhythms,Simulation,,BB,8200,"CH.""BIORYTH""",Works,BIORYTH,present,,,,
146,V3,BB,Bug Byte,A.Commercial Software,Chess (32K),Game,,BB,0300,"?18=40
*LOAD PROG
*RUN 2.12",Works,"CHESSBB
PROG
2.12",present,,Yes*,,
147,,BB,Bug Byte,A.Commercial Software,Disassembler,Utility,,BB,,,,,missing,,,,
148,V1,BB,Bug Byte,A.Commercial Software,Fruit Machine,Game,,BB,8200,"CH.""FRUITBB""",Works,FRUITBB,present,,,,
149,V1,BB,Bug Byte,A.Commercial Software,Galaxian,Game,,BB,8200,"CH.""GALAXBB""",Works,GALAXBB,present,,,,
150,V1,BB,Bug Byte,A.Commercial Software,Golf,Game,,BB,8200,"CH.""GOLFBB""",Works,GOLFBB,present,,,Yes,
151,V5,BB,Bug Byte,A.Commercial Software,Horse Race,Game,,BB,8200,"CH.""HORSE""",Works,HORSE,present,,,,
152,V2,BB,Bug Byte,A.Commercial Software,Labyrinth,Game,,BB,8200,"*LOAD LABY1
*LOAD LABY2
*RUN LABY3",Works,"LABY1
LABY2
LABY3
LABYMD
LABYINS",present,,,,
153,V1,BB,Bug Byte,A.Commercial Software,Last Run,Game,,BB,8200,"CH.""LASTRUN""",Works,LASTRUN,present,,,,
154,V1,BB,Bug Byte,A.Commercial Software,Lunar Lander,Game,,BB,8200,"CH.""LUNARBB""",Works,LUNARBB,present,,,,
155,V5,BB,Bug Byte,A.Commercial Software,Minefield,Game,,BB,8200,"CH.""MFIELD""",Works,MFIELD,present,,,,
156,,BB,Bug Byte,A.Commercial Software,Parachute,Game,,BB,,,,,missing,,,,
157,V1,BB,Bug Byte,A.Commercial Software,Pinball,Game,,BB,8200,"CH.""PINBALL""",Works,PINBALL,present,,,,
158,V1,BB,Bug Byte,A.Commercial Software,Pontoon,Game,,BB,8200,"*LOAD PONTOON
RUN",Works,PONTOON,present,,,,
159,V1,BB,Bug Byte,A.Commercial Software,Rhino,Game,,BB,8200,"CH.""RHINO""",Works,RHINO,present,,,Yes,
160,,BB,Bug Byte,A.Commercial Software,Simon,Game,,BB,,,,,missing,,,,
161,,BB,Bug Byte,A.Commercial Software,Squares,Game,,BB,,,,,missing,,,,
162,,BB,Bug Byte,A.Commercial Software,Star Trek,Game,,BB,,,,,arcadian,,,Yes,
163,,BB,Bug Byte,A.Commercial Software,Statistics,Game,,BB,,,,,missing,,,,
164,,BB,Bug Byte,A.Commercial Software,Typist,Educational,,BB,,,,,missing,,,,
165,V1,BB,Bug Byte,A.Commercial Software,UFO Bomber,Game,,BB,8200,"CH.""UFO""",Works,UFO,present,,,,
166,V1,BB,Bug Byte,A.Commercial Software,Wiggle,Game,,BB,8200,"CH.""WIGGEL""",Works,WIGGEL,present,,, ,
167,V5,HS,Hopesoft,A.Commercial Software,PS1A Atom Adventure,Adventure,,HS,8200,"*LOAD ADV
*RUN A1",Works,"ADV
A1",present,,,,
168,V2,HS,Hopesoft,A.Commercial Software,Atom Man (32K),Game,,HS,8200,*RUN AMAN,Works,AMAN,present,,Yes*,,
169,,HS,Hopesoft,A.Commercial Software,Chaser,Game,,HS,,"CH.""CHASER""",,CHASER,arcadian,,,,
170,,HS,Hopesoft,A.Commercial Software,Disassembler,Utility,,HS,,,,,missing,,,,
171,V5,HS,Hopesoft,A.Commercial Software,PS3A Pirate Island,Adventure,,HS,8200,*RUN PIA,Works,"PIA
PIB",present,,,,
172,,HS,Hopesoft,A.Commercial Software,Space Invaders,Game,,HS,,,,,missing,,,,
173,V5,HS,Hopesoft,A.Commercial Software,Write your own Adventure - Compile,Language,,HS,2900,"?18=51
*LOAD SOURCE
CH.""COMP""
",Works - enter #8200 and #2900,"COMP
SOURCE",present,,,,
174,V1,MM,Micro Mania,A.Commercial Software,Centipede,Game,,MM,8200,"CH.""CENTI""",Works,CENTI,present,,,,
175,V1,MM,Micro Mania,A.Commercial Software,Defender,Game,,MM,8200,"CH.""DEFEND""",Works,DEFEND,present,,,,
176,V1,MM,Micro Mania,A.Commercial Software,Omega Mission,Game,,MM,8200,"CH.""OMEGA""",Works,"OMEGA
DATA",present,,,,
177,V1,MM,Micro Mania,A.Commercial Software,Puckman,Game,,MM,8200,"CH.""PUCKMAN""",Works,PUCKMAN,present,,,,
178,V1,PP,Prog Power,A.Commercial Software,3D Asteroids,Game,J. Millar,PP,8200,"CH.""3DASTERO""",Works,3DASTERO,present,,,,
179,,PP,Prog Power,A.Commercial Software,3D OXO,Game,R.M.P. Hanson,PP,,,,,arcadian,,,,
180,V1,PP,Prog Power,A.Commercial Software,Adventure,Adventure,J. Spilsbury,PP,0300,"*LOAD ADVCODE 
*LOAD ADVDATA
RUN",Works,"ADVCODE
ADVDATA",present,,,,
181,V1,PP,Prog Power,A.Commercial Software,Air Attack,Game,J. Dyson,PP,8200,"*LOAD AIRATTA
RUN",Works,"AIRATTA
DATA",present,,,,
182,,PP,Prog Power,A.Commercial Software,Alien Maze,Game,A. Stevens,PP,,,,,missing,,,,
183,,PP,Prog Power,A.Commercial Software,Anteater,Game,R. Jewsbury,PP,,,,,missing,,,,
184,V3,PP,Prog Power,A.Commercial Software,Astrafire,Game,R. Howells,PP,8200,"CH.""ASTFIRE""",Works,ASTFIRE,present,,,,
185,,PP,Prog Power,A.Commercial Software,Astro Warrior,Game,,PP,,,,,missing,,,,
186,V1,PP,Prog Power,A.Commercial Software,Astrobirds,Game,J.M. Dyson,PP,8200,"CH.""ASTROBI""",Works,ASTROBI,present,,,,
187,V1,PP,Prog Power,A.Commercial Software,Atom Business Game,Game,G.R. Davies,PP,8200,"CH.""BUSINESS""",Works,BUSINESS,present,,,,
188,V2,PP,Prog Power,A.Commercial Software,Atomstore,Business,A. Reece,PP,8200,*RUN ATOMSTO,"Works - but STDAT is in Dutch, and not sure how to create a new DB.","ATOMSTO
STDAT",present,,,,
189,V1,PP,Prog Power,A.Commercial Software,Awari,Game,T.Madden,PP,8200,"CH.""AWARI""",Works,AWARI,present,,,,
190,,PP,Prog Power,A.Commercial Software,Aztec,Game,R. Ellis,PP,,,,,missing,,,,
191,,PP,Prog Power,A.Commercial Software,Breakaway,Game,R.M.P. Hanson,PP,,,,,missing,,,,
192,V2,PP,Prog Power,A.Commercial Software,Chess,Game,D. Thompson,PP,8200,"CH.""CHESSPP""",Works,"CHESSPP
TEXT
1.12",present,,,,
193,V1,PP,Prog Power,A.Commercial Software,Constellation,Simulation,R.M.P. Hanson,PP,8200,"CH.""CONSTELL""",Works,CONSTELL,present,,,,
194,V1,PP,Prog Power,A.Commercial Software,Cowboy Shoot-Out,Game,S. Vout,PP,8200,"CH.""SHOOTOUT""",Works,SHOOTOUT,present,,,,
195,,PP,Prog Power,A.Commercial Software,Dambusters,Game,G. Douglass,PP,,,,,missing,,,,
196,V1,PP,Prog Power,A.Commercial Software,Demon Dungeon,Game,R.M.P. Hanson,PP,8200,"CH.""DEMONDUN""",Works,DEMONDUN,present,,,,
197,V2,PP,Prog Power,A.Commercial Software,Disassembler,Utility,R.M.P. Hanson,PP,8200,"CH.""DISASPP""",Works,DISASPP,present,,,,
198,,PP,Prog Power,A.Commercial Software,Dogfight,Game,,PP,,,,,missing,,,,
199,V5,PP,Prog Power,A.Commercial Software,Dragonslair,Adventure,T. Walton,PP,8200,"CH.""D-LAIR""",Works,"D-LAIR
DATA",present,,,,
200,V3,PP,Prog Power,A.Commercial Software,Fall of Rome,Game,G. Pagan,PP,9700,"?18=40
*LOAD ROME1
*LOAD ROME2
RUN",Works,"ROME1
ROME2",present,,,,
201,,PP,Prog Power,A.Commercial Software,Galaxian War/Invasion,Game,T.M.Millar,PP,,,,,arcadian,,,,
202,,PP,Prog Power,A.Commercial Software,Hi-Stats,Game,J. Spilsbury,PP,,,,,missing,,,,
203,V1,PP,Prog Power,A.Commercial Software,Hyperfire,Game,C. Thompson,PP,8200,"CH.""HYPERFI""",Works,HYPERFI,present,,,,
204,V1,PP,Prog Power,A.Commercial Software,Invader Force,Game,R.M.P. Hanson,PP,8200,"CH.""INVADERF""",Works,INVADERF,present,,,,
205,,PP,Prog Power,A.Commercial Software,Life,Game,R.M.P. Hanson,PP,,,,,missing,,,,
206,,PP,Prog Power,A.Commercial Software,Lunar Lander,Game,J.M. Dyson,PP,,,,,missing,,,,
207,V1,PP,Prog Power,A.Commercial Software,Martians,Game,R.M.P. Hanson,PP,8200,"CH.""MARTIANS""",Works,MARTIANS,present,,,,
208,,PP,Prog Power,A.Commercial Software,Mazeball,Game,S. Draper,PP,,,,,missing,,,,
209,V3,PP,Prog Power,A.Commercial Software,Micro-Budget,Business,R.M.P. Hanson,PP,8200,"CH.""MICROB""",Works,MICROB,present,,,,
210,,PP,Prog Power,A.Commercial Software,Minefield,Game,T.Madden,PP,,,,,missing,,,,
211,V5,PP,Prog Power,A.Commercial Software,Mode 4 VDU (Source),Utility,R.M.P. Hanson,PP,2900,"?18=130
CH.""VDUAS""",Works,VDUAS,present,,,,
212,V1,PP,Prog Power,A.Commercial Software,Moon Patrol,Game,,PP,8200,*RUN MOONPATR,Works,MOONPATR,present,,,,
213,V3,PP,Prog Power,A.Commercial Software,Munchyman,Game,D. Wood,PP,8200,"CH.""MUNCHY""",Works,MUNCHY,present,,,,
214,V1,PP,Prog Power,A.Commercial Software,Murder at the Manor,Game,,PP,8200,"*LOAD MURDER
RUN",Works,MURDER,present,,,,
215,V2,PP,Prog Power,A.Commercial Software,Music Box,Music,R.M.P. Hanson,PP,8200,"CH.""MUBOX""",Works,MUBOX,present,,,,
216,,PP,Prog Power,A.Commercial Software,Ravine,Game,S. Draper,PP,,,,,missing,,,,
217,V3,PP,Prog Power,A.Commercial Software,Reversi (Othello) ,Game,D. Thompson,PP,8200,"?18=40
CH.""OTHELLO""",Works,"OTHELLO
OTHINST",present,,,,
218,,PP,Prog Power,A.Commercial Software,Sheepdog Trial,Game,R.M.P. Hanson,PP,,,,,missing,,,,
220,,PP,Prog Power,A.Commercial Software,Sketchpad,Graphics,R.M.P. Hanson,PP,,,,,missing,,,,
221,,PP,Prog Power,A.Commercial Software,Ski Run,Game,R.M.P. Hanson,PP,,,,,missing,,,,
222,V1,PP,Prog Power,A.Commercial Software,Snake,Game,T.Madden,PP,8200,"CH.""SNAKES""",Works,SNAKES,present,,,,
223,V1,PP,Prog Power,A.Commercial Software,Space Fighter,Game,R.M.P. Hanson,PP,8200,"CH.""FIGHTER""",Works,FIGHTER,present,,,,
224,,PP,Prog Power,A.Commercial Software,Space Storm,Game,R. Howells,PP,,,,,missing,,,,
225,,PP,Prog Power,A.Commercial Software,Star Trek,Game,R.M.P. Hanson,PP,,,,,arcadian,,,,
226,V1,PP,Prog Power,A.Commercial Software,Stock Car,Game,,PP,8200,"CH.""STOCKCAR""",Works,STOCKCAR,present,,,,
227,,PP,Prog Power,A.Commercial Software,Stockbroker,Game,S.S. Harding,PP,,,,,missing,,,,
228,,PP,Prog Power,A.Commercial Software,Super Racetrack,Game,S. Draper,PP,,,,,missing,,,,
229,V1,PP,Prog Power,A.Commercial Software,Swarm,Game,,PP,8200,"CH.""SWARM""",Works,SWARM,present,,,,
230,,PP,Prog Power,A.Commercial Software,The Park,Game,D. Thompson,PP,,,,,missing,,,,
231,V1,PP,Prog Power,A.Commercial Software,Warlords,Game,R.M.P. Hanson,PP,8200,"CH.""WARLORDS""",Works,WARLORDS,present,,,,
232,,PP,Prog Power,A.Commercial Software,Yan,Game,A. Reece,PP,,,,,missing,,,,
233,,PP,Prog Power,A.Commercial Software,Zombies,Game,M.C. Wheadon,PP,,,,,missing,,,,
234,V1,TD,Timedata,A.Commercial Software,3D Maze,Game,,TD,8200,"CH.""3DMAZE""",Works,3DMAZE,present,,,,
235,V1,TD,Timedata,A.Commercial Software,Breakout,Game,,TD,8200,"CH.""BREAKOUT""",Works,BREAKOUT,present,,,,
236,V1,TD,Timedata,A.Commercial Software,Crash,Game,,TD,8200,"CH.""DRIVE""",Works,DRIVE,present,,,,
237,V1,TD,Timedata,A.Commercial Software,Cupball,Game,,TD,8200,"CH.""CUPBALL""",Works,CUPBALL,present,,,,
238,V1,TD,Timedata,A.Commercial Software,Hammurabi,Game,,TD,8200,"CH.""HAMMUR""",Works,HAMMUR,present,,,,
239,V1,TD,Timedata,A.Commercial Software,Hexpawn,Game,,TD,8200,"CH.""HEXPAWN""",Works,HEXPAWN,present,,,,
240,,TD,Timedata,A.Commercial Software,Letters,Game,,TD,8200,"CH.""LETTERS""",,LETTERS,missing,,,,
241,V1,TD,Timedata,A.Commercial Software,Othello,Game,,TD,8200,"CH.""OTHELLO""",Works,OTHELLO,present,,,,
242,V1,TD,Timedata,A.Commercial Software,Pinball,Game,,TD,8200,"CH.""PINBALL""",Works,PINBALL,present,,,,
243,V1,TD,Timedata,A.Commercial Software,Scramble,Game,,TD,8200,"CH.""SCRAMB""",Works,SCRAMB,present,,,,
244,V1,TD,Timedata,A.Commercial Software,Simon,Game,,TD,8200,"CH.""SIMON2""",Works,SIMON2,present,,,,
245,V1,TD,Timedata,A.Commercial Software,Spacewar,Game,,TD,8200,"CH.""SPACEWAR""",Works,SPACEWAR,present,,,,
246,V5,A&F,A&F S/W,A.Commercial Software,Robot Nim,Game,,AF,8200,"CH.""ROBOTNIM""",Works,ROBOTNIM,present,,,,
247,,MM,Micro Mania,A.Commercial Software,The Protector,Game,,MM,,,A renamed version of Defender,,duplicate,,,,
248,V2,PP,Prog Power,A.Commercial Software,Cesil Interpreter,Language,,PP,8200,"CH.""CESIL""",Works,CESIL,present,,,,
249,,PS,Pro Software,A.Commercial Software,Air Strike,Game,,PS,,,,,arcadian,,,,
250,V5,PS,Pro Software,A.Commercial Software,Eliza,Simulation,,PS,8200,"CH.""ELIZA""",Works,"ELIZA
EL-INSTR",present,,,,
251,V5,PS,Pro Software,A.Commercial Software,Fizzle Bricks,Game,,PS,8200,"CH.""FIZZLE""",Works,"FIZZLE
FIZ-INSTR",present,,,,
252,V5,QUO,Quodlibet,A.Commercial Software,Meanies,Game,,QUO,8200,*RUN MEANIES,Works,MEANIES,present,,,,
253,,DPS,DP Saville,B.Non Commercial Software,Life,Simulation,,OTHER,,,Duplicate of Atomic Software entry,,duplicate,,,,
254,,DPS,DP Saville,B.Non Commercial Software,Mindmaster,Game,,OTHER,,,Duplicate of Atomic Software entry,,duplicate,,,,
255,V2,RAM,Ramtronics,A.Commercial Software,Africa Diamond,Adventure,,OTHER,8200,"CH.""AFRICA1""",Works,"AFRICA1
AFRICA2",present,,,,
257,V5,SUP,Superlex,A.Commercial Software,Draw Pic,Graphics,,SUP,8200,"CH.""DRAWPIC""",Works,DRAWPIC,present,,,,
259,V5,???,???,A.Commercial Software,The I.A Atom Pencil,Graphics,,TB,8200,"CH.""PENCIL""",Works,PENCIL,present,,,,
260,V5,A&F,A&F S/W,A.Commercial Software,Football Pools,Game,,AF,8200,"CH.""POOLS""",Works,POOLS,present,,,,
263,V2,MO,Magnus Olsson,B.Non Commercial Software,Atomia Akorny,Adventure,,MO,8200,*RUN ATOMI,"Works - Dave updated lines 3100,3110 as original relied on an extension ROM to provide RESTORE/READ/DATA at line 3100.","ATOMI
ATOMIDAT",present,,,,
264,V2,MO,Magnus Olsson,B.Non Commercial Software,Dragon,Adventure,,MO,9700,"*LOAD 171
*LOAD 171B
*LOAD DRAGONC
RUN",Works,"171
171B
DRAGONC",present,,,,
265,V3,RS,Retro S/W,A.Commercial Software,Castle Quest (32K),Game,,RS/CASQUEST,8200,"CH.""CAST""",Works,"CAST
DATA",present,RS Mono,Yes,,
266,V2,RS,Retro S/W,A.Commercial Software,Chuckie Egg (32K),Game,,RS/CHUCKIE,8200,"CH.""RUNME""",Works,"ASM
CCH-EGG
CCHUCK
FONT
MCH-EGG
MCHUCK
MENU
ROTDATA
RUNME",obsolete,,Yes,,
267,V2,RS,Retro S/W,A.Commercial Software,Galaforce (32K),Game,,RS/GALA,8200,"CH.""RUNME""",Works,"ASM
CGALA
CGALSCR
FONT
MENU
MGALA
MGALSCR
ROTDATA
RUNME
SCORE",obsolete,,Yes,,
268,V3,RS,Retro S/W,A.Commercial Software,Hard Hat Harry (32K),Game,,RS/HARRY,8200,*RUN HARRY,Works,"HARRY
LOADER",present,RS Colour,Yes,,
269,V2,RS,Retro S/W,A.Commercial Software,Hyper Viper,Game,,RS/HYPERV,8200,"CH.""LOADER""",Works,"CHYPER
LOA-ASM
LOADER
LOA-FNT
LOA-SCR
MHYPER",obsolete,,,,
270,V2,RS,Retro S/W,A.Commercial Software,Jet Set Miner,Game,,RS/MINER,8200,"CH.""LOADER""",Works,"CMINER
DAT0
DAT1
EDITOR
LOADER
MMINER",obsolete,,,,
271,V3,RS,Retro S/W,A.Commercial Software,Jungle Journey (32K),Game,,RS/JUNGLE,8200,"CH.""RUNME""",Works,"INTRO
JUNGLE
MUSIC
RUNME",present,RS Colour,Yes,,
272,V3,A&F,A&F S/W,A.Commercial Software,Frogger,Game,,AF,8200,"CH.""FROGGER""",Works,FROGGER,present,,,,
273,,PP,Prog Power,A.Commercial Software,Dodge,Game,S. Draper,PP,,,,,missing,,,,
274,,PP,Prog Power,A.Commercial Software,Reaction Race,Game,R.M.P. Hanson,PP,,,,,missing,,,,
275,V3,PP,Prog Power,A.Commercial Software,Space Battle,Game,T. Mabbs,PP,8200,"CH.""SPBAT""",Works,SPBAT,present,,,,
276,V3,PP,Prog Power,A.Commercial Software,Wampus,Game,T. Mabbs,PP,8200,"CH.""WAMPUS""",Works,WAMPUS,present,,,,
277,,PP,Prog Power,A.Commercial Software,Hidden,Game,T. Mabbs,PP,,,,,missing,,,,
278,,PP,Prog Power,A.Commercial Software,Labyrinth,Game,M.D. Bates,PP,,,,,missing,,,,
279,,PP,Prog Power,A.Commercial Software,Slot Racer,Game,M.D. Bates,PP,,,,,missing,,,,
280,,PP,Prog Power,A.Commercial Software,Territory,Game,R. Ellis,PP,,,,,missing,,,,
281,,PP,Prog Power,A.Commercial Software,Chessboard,Game,G.L. Jones,PP,,,,,missing,,,,
282,,PP,Prog Power,A.Commercial Software,Laser Fight,Game,M.C. Wheadon,PP,,,,,missing,,,,
283,,PP,Prog Power,A.Commercial Software,Demovaders,Game,M.C. Wheadon,PP,,,,,missing,,,,
284,,PP,Prog Power,A.Commercial Software,Grafix,Graphics,R. Jewsbury,PP,,,,,missing,,,,
285,,PP,Prog Power,A.Commercial Software,Trang,Game,S. Draper,PP,,,,,missing,,,,
286,,PP,Prog Power,A.Commercial Software,Kiddycount,Game,R.Cartwright,PP,,,,,missing,,,,
287,,PP,Prog Power,A.Commercial Software,Condense,Game,T.A. Morris,PP,,,,,missing,,,,
288,,PP,Prog Power,A.Commercial Software,Edit,Utility,N.R. Gamble,PP,,,,,missing,,,,
289,,PP,Prog Power,A.Commercial Software,Derby,Game,S. Skippo,PP,,,,,missing,,,,
290,,PP,Prog Power,A.Commercial Software,Blitz,Game,S. Skippo,PP,,,,,missing,,,,
291,,PP,Prog Power,A.Commercial Software,Rat Race,Game,S. Skippo,PP,,,,,missing,,,,
292,,PP,Prog Power,A.Commercial Software,Galactica,Game,S. Vout,PP,,,,,missing,,,,
293,V2,L9,Level 9,A.Commercial Software,Colossal Adv (32K),Adventure,"Mike, Nick and Pete Austin",L9,8200,*RUN COLOSSAL,Works,COLOSSAL,obsolete,,Yes,,
294,V2,L9,Level 9,A.Commercial Software,Snowball (32K),Adventure,"Mike, Nick and Pete Austin",L9,8200,*RUN SNOWBALL,Works,SNOWBALL,obsolete,,Yes,,
295,V3,MO,Magnus Olsson,B.Non Commercial Software,Diamonds,Adventure,Magnus Olsson,MO,8200,"CH.""DIAMONDS""",Works,DIAMONDS,present,,,,
296,,???,???,A.Commercial Software,Intra Terrestrial,Adventure,,,,,,,missing,,,,
297,V3,BS,Bearsoft,A.Commercial Software,Wolf Pack,Game,M. Barwise,BS,8200,"CH.""WOLFPAC""",Works,WOLFPAC,present,,,,
298,V3,L9,Level 9,A.Commercial Software,Colossal Adv (B)(32K),Adventure,"Mike, Nick and Pete Austin",L9,2900,"*RUN VDUBLO
*RUN COLOSSAL",,"VDUBLO
COLOSSAL",obsolete,,Yes,,
299,V3,L9,Level 9,A.Commercial Software,Snowball (B)(32K),Adventure,"Mike, Nick and Pete Austin",L9,2900,"*RUN VDUBLO
*RUN SNOWBALL",,"VDUBLO
SNOWBALL",obsolete,,Yes,,
300,V3,L9,Level 9,A.Commercial Software,Colossal Adv (W)(32K),Adventure,"Mike, Nick and Pete Austin",L9,2900,"*RUN VDUWLO
*RUN COLOSSAL",,"VDUWLO
COLOSSAL",obsolete,,Yes,,
301,V3,L9,Level 9,A.Commercial Software,Snowball (W)(32K),Adventure,"Mike, Nick and Pete Austin",L9,2900,"*RUN VDUWLO
*RUN SNOWBALL",,"VDUWLO
SNOWBALL",obsolete,,Yes,,
302,,,,A.Commercial Software,Astrofire (Kees),,,,,,Duplicate of Prog Power Astrafire,,duplicate,,,,
303,V3,RS,Retro S/W,A.Commercial Software,Chuckie Egg (M)(32K),Game,,RS/CHUCKIE,8200,*RUN MCH-EGG,Works,"ASM
CCH-EGG
CCHUCK
FONT
MCH-EGG
MCHUCK
MENU
ROTDATA
RUNME",present,RS Mono,Yes,,
304,V3,RS,Retro S/W,A.Commercial Software,Chuckie Egg (C)(32K),Game,,RS/CHUCKIE,8200,*RUN CCH-EGG,Works,"ASM
CCH-EGG
CCHUCK
FONT
MCH-EGG
MCHUCK
MENU
ROTDATA
RUNME",present,RS Colour,Yes,,
305,V3,RS,Retro S/W,A.Commercial Software,Galaforce (M)(32K),Game,,RS/GALA,8200,*RUN MGALA,Works,"ASM
CGALA
CGALSCR
FONT
MENU
MGALA
MGALSCR
ROTDATA
RUNME
SCORE",present,RS Mono,Yes,,
306,V3,RS,Retro S/W,A.Commercial Software,Galaforce (C)(32K),Game,,RS/GALA,8200,*RUN CGALA,Works,"ASM
CGALA
CGALSCR
FONT
MENU
MGALA
MGALSCR
ROTDATA
RUNME
SCORE",present,RS Colour,Yes,,
307,V3,RS,Retro S/W,A.Commercial Software,Hyper Viper (M),Game,,RS/HYPERV,8200,*RUN MHYPER,Works,"CHYPER
LOA-ASM
LOADER
LOA-FNT
LOA-SCR
MHYPER",present,RS Mono,,,
308,V3,RS,Retro S/W,A.Commercial Software,Hyper Viper (C),Game,,RS/HYPERV,8200,*RUN CHYPER,Works,"CHYPER
LOA-ASM
LOADER
LOA-FNT
LOA-SCR
MHYPER",present,RS Colour,,,
309,V3,RS,Retro S/W,A.Commercial Software,Jet Set Miner (M),Game,,RS/MINER,8200,*RUN MMINER,Works,"CMINER
DAT0
DAT1
EDITOR
LOADER
MMINER",present,RS Mono,,,
310,V3,RS,Retro S/W,A.Commercial Software,Jet Set Miner (C),Game,,RS/MINER,8200,*RUN CMINER,Works,"CMINER
DAT0
DAT1
EDITOR
LOADER
MMINER",present,RS Colour,,,
311,V3,A&F,A&F S/W,A.Commercial Software,Minefield,Game,,AF,8200,"CH.""MINEFIEL""",Works,MINEFIEL,present,,,,
312,V3,NC,Non Comm,B.Non Commercial Software,Bell Hop,Game,ML & JMF,OTHER,8200,*RUN BELLHOP,Works,BELLHOP,present,Non Comm,,,
313,V3,NC,Non Comm,B.Non Commercial Software,Boxes,Game,,OTHER,8200,"CH.""BOXES""",Works,BOXES,present,Non Comm,,,
314,V3,NC,Non Comm,B.Non Commercial Software,Cement,Game,RK,OTHER,8200,"*LOAD CEMENT
RUN",Works,CEMENT,present,Non Comm,,,
315,V3,NC,Non Comm,B.Non Commercial Software,Pengo,Game,M.LAUWERENS,OTHER,8200,*RUN PENGO,Works,PENGO,present,Non Comm,,,
316,V3,NC,Non Comm,B.Non Commercial Software,Stitch,Game,,OTHER,8200,"CH.""STITCH""",Works,STITCH,present,Non Comm,,,
317,V4,L9,Level 9,A.Commercial Software,Colossal Adv (32K),Adventure,"Mike, Nick and Pete Austin",L9/COLOSSAL,2900,"*RUN VDUBLO
*RUN COLOSSAL",Works,"VDUBLO
COLOSSAL",present,Middle Earth,Yes,,
318,V4,L9,Level 9,A.Commercial Software,Adv Quest (32K),Adventure,"Mike, Nick and Pete Austin",L9/ADQUEST,2900,"*RUN VDUBLO
*RUN ADQUEST",Works,"VDUBLO
ADQUEST",present,Middle Earth,Yes,,
319,V4,L9,Level 9,A.Commercial Software,Dungeon Adv (32K),Adventure,"Mike, Nick and Pete Austin",L9/DUNGEON,2900,"*RUN VDUBLO
*RUN DUNGEON",Works,"VDUBLO
DUNGEON",present,Middle Earth,Yes,,
320,V4,L9,Level 9,A.Commercial Software,Snowball (32K),Adventure,"Mike, Nick and Pete Austin",L9/SNOWBALL,2900,"*RUN VDUBLO
*RUN SNOWBALL",Works,"VDUBLO
SNOWBALL",present,Silicon Dreams,Yes,,
321,V4,L9,Level 9,A.Commercial Software,Return to Eden (32K),Adventure,"Mike, Nick and Pete Austin",L9/EDEN,2900,"*RUN VDUBLO
*RUN EDEN",Works,"VDUBLO
EDEN",present,Silicon Dreams,Yes,,
322,V4,L9,Level 9,A.Commercial Software,Worm in Paradise (32K),Adventure,"Mike, Nick and Pete Austin",L9/WORM,2900,*RUN WORM,Works,WORM,present,Silicon Dreams,Yes,,
323,V4,L9,Level 9,A.Commercial Software,Lords of Time (32K),Adventure,"Mike, Nick and Pete Austin",L9/LORDSOF,2900,"*RUN VDUBLO
*RUN LORDSOF",Works,"VDUBLO
LORDSOF",present,Time and Magik,Yes,,
324,V4,L9,Level 9,A.Commercial Software,Red Moon (32K),Adventure,"Mike, Nick and Pete Austin",L9/REDMOON,2900,"*RUN VDUBLO
*RUN REDMOON",Works,"VDUBLO
REDMOON",present,Time and Magik,Yes,,
325,V4,L9,Level 9,A.Commercial Software,Price of Magik (32K),Adventure,"Mike, Nick and Pete Austin",L9/MAGIK,2900,*RUN MAGIK,Works,MAGIK,present,Time and Magik,Yes,,
326,V4,YC,Your Computer,D.Magazine Listings,Acorn Kong,Game,???,YC,8200,"CH.""ACKONG""",Works,ACKONG,present,,,,
328,V4,NC,Non Comm,B.Non Commercial Software,Artist,Utility,???,NC,8200,*RUN ARTIST,Works,ARTIST,duplicate,,,,
330,V4,NC,Non Comm,B.Non Commercial Software,Atomica Spacewar (R),Game,J.A.F.M.van Eldik,NC/TB,8200,*RUN ATOMICA,Works,ATOMICA,present,,,,
331,V4,NC,Non Comm,B.Non Commercial Software,Bandit,Game,S.P.Elliot,NC,8200,"CH.""BANDIT""",Works,BANDIT,present,,,,
332,V4,NC,Non Comm,B.Non Commercial Software,Space Battle (R),Game,???,NC/TB,8200,"CH.""BATSHIP""",Works,BATSHIP,present,,,,
333,V4,NC,Non Comm,B.Non Commercial Software,Backgammon,Game,???,NC,8200,"CH.""BCKGAM""",Works,BCKGAM,present,,,,
334,V4,NC,Non Comm,B.Non Commercial Software,Beetle,Game,???,NC,8200,"CH.""BEETLE""",Works,BEETLE,duplicate,,,,
335,V4,NC,Non Comm,B.Non Commercial Software,Blitz,Game,???,NC,8200,"CH.""BLITZ""",Works,BLITZ,present,,,,
336,V4,C&VG,C&VG,D.Magazine Listings,Blockbuster,Game,Chris Cytera,CVG,8200,"CH.""BLOBUST""",Works,BLOBUST,present,,,,
338,V4,NC,Non Comm,B.Non Commercial Software,Bowling (R),Game,F.Bitter,NC/TB,8200,"CH.""BOWL2""",Works,BOWL2,present,,,,
339,V4,NC,Non Comm,B.Non Commercial Software,Breakout,Game,???,NC,8200,"CH.""BREAKOU""",Works,BREAKOU,duplicate,,,,
340,V4,C&VG,C&VG,D.Magazine Listings,Bug Battle,Game,G. Dunnett,CVG,8200,"CH.""BUGBATT""",Works,BUGBATT,present,,,,
341,V4,NC,Non Comm,B.Non Commercial Software,Cards Bridge? (R),Game,???,NC/TB,8200,"CH.""CARDS-H""",Works,CARDS-H,present,,,,
342,V4,NC,Non Comm,B.Non Commercial Software,Cards Bridge? (R),Game,???,NC/TB,8200,"CH.""CARDS-V""",Works,CARDS-V,present,,,,
345,V4,NC,Non Comm,B.Non Commercial Software,City Bomber (R),Game,R.Boers,NC/TB,8200,"CH.""CITYBOM""",Works,CITYBOM,present,,,,
346,,NC,Non Comm,B.Non Commercial Software,Gobi Woestijn,Game,???,NC,8200,"CH.""DESERT""",,DESERT,missing,,,,
347,V4,GA,Getting Acquainted,A.Commercial Software,Dodgem,Game,???,GA,8200,"CH.""DODGEM2""",Works,DODGEM2,present,,,,
349,V4,NC,Non Comm,B.Non Commercial Software,Draw Poker (R),Game,E.Thijsse,NC/TB,8200,"CH.""DRAWPOK""",Works,DRAWPOK,present,,,,
350,,NC,Non Comm,B.Non Commercial Software,Drive,Game,D.Dini,NC,8200,*RUN DRIVE,,DRIVE,missing,,,,
351,V4,NC,Non Comm,B.Non Commercial Software,Fourrow,Game,???,NC,8200,"CH.""FOURROW""",Works,FOURROW,present,,,,
352,V4,NC,Non Comm,B.Non Commercial Software,Golf,Game,???,NC,8200,"CH.""GOLF""",Works,GOLF,present,,,,
353,V4,CS,Computersmith,A.Commercial Software,Golf,Game,???,CS,8200,"CH.""GOLF-CS""",Works,GOLF-CS,present,,,,
354,,NC,Non Comm,B.Non Commercial Software,Hostage,Game,???,NC,8200,"CH.""GYZEL""",,GYZEL,missing,,,,
356,V4,YC,Your Computer,D.Magazine Listings,Hawk,Game,???,YC,8200,"CH.""HAWK""",Works,HAWK,present,,,,
357,,NC,Non Comm,B.Non Commercial Software,Highway (R),Game,R.Leurs,NC,8200,"CH.""HIGHWAY""",,HIGHWAY,missing,,,,
359,V4,NC,Non Comm,B.Non Commercial Software,Huncher (R),Game,S.Myngheer,NC/TB,8200,"CH.""HUNCHER""",Works,HUNCHER,present,,,,
361,,NC,Non Comm,B.Non Commercial Software,Intra Terrestrial (R),Game,J.Biel,NC,8200,"CH.""INTRA""",,INTRA,missing,,,,
362,,NC,Non Comm,B.Non Commercial Software,Jet (R),Game,B.Hommel,NC,8200,*RUN JET,,JET,missing,,,,
363,V4,MO,Magnus Olsson,B.Non Commercial Software,Katakomb,Game,Magnus Olssen,MO,8200,"CH.""KATAKOMB""",Works,KATAKOMB,present,,,,
364,V4,NC,Non Comm,B.Non Commercial Software,Snakes & Ladders,Game,???,NC,8200,*RUN LADDERS,Broken,LADDERS,duplicate,,,,
365,,HBSC,Hobbyscoop,D.Magazine Listings,Zachte landing,Game,H.Wagenaar,HS,8200,"CH.""LANDING""",,LANDING,missing,,,,
366,V4,NC,Non Comm,B.Non Commercial Software,Grand Prix Special,Game,???,NC,8200,"CH.""LEMANS""",Works,LEMANS,present,,,,
367,V4,NC,Non Comm,B.Non Commercial Software,Lunar Lander,Game,???,NC,8200,"CH.""LUNLAN""",Works,LUNLAN,present,,,,
368,V4,MO,Magnus Olsson,B.Non Commercial Software,Masken,Game,Magnus Olssen,MO,8200,*RUN MASKEN,Broken,MASKEN,present,,,,
369,V4,NC,Non Comm,B.Non Commercial Software,Moonlander,Game,???,NC,8200,"CH.""MLANDER""",Works,MLANDER,present,,,,
370,V4,NC,Non Comm,B.Non Commercial Software,Navigator (R),Game,R.Leurs,NC,8200,*RUN NAVIGAT,Works,NAVIGAT,present,,,,
371,V4,NC,Non Comm,B.Non Commercial Software,Nightmare Park,Game,S.M.Probyn,NC,8200,"CH.""NIGHTM""",Works,NIGHTM,present,,,,
373,V4,NC,Non Comm,B.Non Commercial Software,Othello,Game,???,NC,8200,"?18=40
CH.""OTHEL1""",Works,OTHEL1,present,,,,
375,V4,ES,Electrocomp sups,A.Commercial Software,OXO,Game,???,ES,8200,"CH.""OXO""",Works,OXO,present,,,,
376,V4,NC,Non Comm,B.Non Commercial Software,Hyperman,Game,???,NC,8200,"CH.""PACKMAN""",Broken,PACKMAN,duplicate,,,,
377,V4,NC,Non Comm,B.Non Commercial Software,Pacman,Game,???,NC,8200,"CH.""PACMAN""",Broken,PACMAN,present,,,,
378,V4,NC,Non Comm,B.Non Commercial Software,Plakoto,Game,???,NC,8200,*RUN PLAKOTO,Works,PLAKOTO,present,,,,
379,V4,NC,Non Comm,B.Non Commercial Software,Persuit Plane,Game,JC-ADM,NC,8200,*RUN PLANE,Works,PLANE,present,,,,
380,V4,NC,Non Comm,B.Non Commercial Software,Plane,Game,???,NC,8200,*RUN PLANES,Works,PLANES,present,,,,
381,V4,NC,Non Comm,B.Non Commercial Software,POGO (R),Game,Hamburgersoft,NC/TB,8200,"CH.""POGO""",Works,POGO,present,,,,
382,V4,NC,Non Comm,B.Non Commercial Software,Pointer,Game,???,NC,8200,*RUN POINTER,Works,POINTER,present,,,,
383,V4,NC,Non Comm,B.Non Commercial Software,Prinses (R),Game,G.T.H.,NC,8200,"CH.""PRINSES""",Works,PRINSES,present,,,,
384,V4,NC,Non Comm,B.Non Commercial Software,Puzzel (R),Game,Frans,NC/TB,8200,"CH.""PUZZEL""",Works,PUZZEL,present,,,,
385,V4,NC,Non Comm,B.Non Commercial Software,Race,Game,A.Clarke,NC,8200,"CH.""RACE""",Works,RACE,present,,,,
386,,NC,Non Comm,B.Non Commercial Software,Formula One,Game,JVK,NC,8200,"CH.""RACING""",,RACING,missing,,,,
387,V4,NC,Non Comm,B.Non Commercial Software,Race Rups,Game,???,NC,8200,"CH.""RACRUPS""",Works,RACRUPS,present,,,,
389,,NC,Non Comm,B.Non Commercial Software,Reversi,Game,L.Bijnagte,NC,8200,*RUN REVERS3,,REVERS3,missing,,,,
390,V4,NC,Non Comm,B.Non Commercial Software,Rhinoceros,Game,J.R.Marks,NC,8200,"CH.""RHINOS2""",Works,RHINOS2,present,,,,
391,,NC,Non Comm,B.Non Commercial Software,Saturn,Game,R.Knapen,NC,8200,"CH.""SATURN""",,SATURN,missing,,,,
392,,NC,Non Comm,B.Non Commercial Software,Shelobs Army (R),Game,G.Hillebrand,NC,8200,*RUN SHELOBS,,SHELOBS,missing,,,,
393,,NC,Non Comm,B.Non Commercial Software,Shuttle (R),Game,B.Bekooy,NC,8200,*RUN SHUTTLE,,SHUTTLE,missing,,,,
394,V4,ES,Electrocomp sups,A.Commercial Software,Ski Slope,Game,???,ES,8200,"CH.""SKI""",Works,SKI,present,,,,
395,V4,C&VG,C&VG,D.Magazine Listings,Ski-ing,Game,S.  J. Harris,CVG,8200,"CH.""SKIING""",Works,SKIING,present,,,,
396,V4,NC,Non Comm,B.Non Commercial Software,Skippy,Game,???,NC,8200,*RUN SKIPPY,Works,SKIPPY,present,,,,
397,V4,ES,Electrocomp sups,A.Commercial Software,Snakes,Game,???,ES,8200,"CH.""SLANGEN""",Works,SLANGEN,present,,,,
398,,NC,Non Comm,B.Non Commercial Software,Snoopy,Game,???,NC,8200,"CH.""SNOOPY""",,SNOOPY,missing,,,,
399,,NC,Non Comm,B.Non Commercial Software,Space Zap,Game,G.Groenewold,NC,8200,"CH.""SPACZAB""",,SPACZAB,missing,,,,
400,,MO,Magnus Olsson,B.Non Commercial Software,Star Trek IV (R),Game,Magnus Olssen,MO,8200,*RUN STARTREK,,STARTREK,missing,,,,
402,V4,NC,Non Comm,B.Non Commercial Software,Star War,Game,???,NC,8200,*RUN STARWAR,Works,STARWAR,duplicate,,,,
403,V4,NC,Non Comm,B.Non Commercial Software,Stunt Man,Game,C.Szpojarowicz,NC,8200,"CH.""STUNT""",Works,STUNT,present,,,,
404,,NC,Non Comm,B.Non Commercial Software,SUBMAR,Game,,NC,8200,"CH.""SUBMAR""",,SUBMAR,missing,,,,
405,,MO,Magnus Olsson,B.Non Commercial Software,Super Zombie,Game,Magnus Olssen,MO,8200,*RUN SUPERZMB,,SUPERZMB,missing,,,,
406,V4,NC,Non Comm,B.Non Commercial Software,Teacups,Game,???,NC,8200,*RUN TEACUPS,Works,TEACUPS,present,,,,
407,,NC,Non Comm,B.Non Commercial Software,Tennis,Game,???,NC,8200,"CH.""TENNIS1""",,TENNIS1,missing,,,,
408,,OL,Oak Leaves,A.Commercial Software,Walls,Game,J.Lasruk,OL,8200,"CH.""WALLS""",,WALLS,missing,,,,
409,V4,NC,Non Comm,B.Non Commercial Software,Wipeout,Game,???,NC,8200,"CH.""WIPEOUT""",Works,WIPEOUT,present,,,,
410,V4,NC,Non Comm,B.Non Commercial Software,Woodland,Game,G.J.Noorland,NC,8200,"CH.""WOODLND""",Works,WOODLND,present,,,,
411,V4,CS,Computersmith,A.Commercial Software,Word Gram,Game,???,CS,8200,"CH.""WRDGRAM""",Works,WRDGRAM,present,,,,
413,,NC,Non Comm,B.Non Commercial Software,ZEESLA1,Game,,NC,8200,"CH.""ZEESLA1""",,ZEESLA1,missing,,,,
414,,NC,Non Comm,B.Non Commercial Software,Zeeslag (R),Game,J.J.Mertens,NC,8200,"CH.""ZEESLAG""",,ZEESLAG,missing,,,,
415,,PPBA,Practical Programs,C.Book Listings,Card Trick,Game,???,PPBA,8200,,Works,,duplicate,,,,
416,V4,AMB,Atom Magic Book,C.Book Listings,Breakout,Game,Mike Lord,AMB,8200,"CH.""BROUT""",Works,BROUT,present,Atom Magic Book,,,
417,V4,AMB,Atom Magic Book,C.Book Listings,3D Maze,Game,Mike Lord,AMB,8200,"CH.""3DMAZE""",Works,3DMAZE,present,Atom Magic Book,,,
418,V4,AMB,Atom Magic Book,C.Book Listings,Letters,Game,Mike Lord,AMB,8200,"CH.""LETTERS""",Works,LETTERS,present,Atom Magic Book,,,
419,V4,AMB,Atom Magic Book,C.Book Listings,Matches,Game,Mike Lord,AMB,8200,"CH.""MATCHES""",Works,MATCHES,present,Atom Magic Book,,,
420,V4,AMB,Atom Magic Book,C.Book Listings,Russian Roulette,Game,Mike Lord,AMB,8200,"CH.""RROUL""",Works,RROUL,present,Atom Magic Book,,,
421,V4,AMB,Atom Magic Book,C.Book Listings,Compart,Graphics,Mike Lord,AMB,8200,"CH.""COMPART""",Works,COMPART,present,Atom Magic Book,,,
422,V4,AMB,Atom Magic Book,C.Book Listings,Talkback,Utility,Mike Lord,AMB,8200,"CH.""TALKBOX""",Works,TALKBOX,present,Atom Magic Book,,,
423,V4,AMB,Atom Magic Book,C.Book Listings,Moon Lander,Game,Mike Lord,AMB,8200,"CH.""MOONL""",Works,MOONL,present,Atom Magic Book,,,
424,V4,AMB,Atom Magic Book,C.Book Listings,Bouncing Ball,Graphics,Mike Lord,AMB,8200,"CH.""BBALL""",Works,BBALL,present,Atom Magic Book,,,
425,V4,AMB,Atom Magic Book,C.Book Listings,Patchwork,Graphics,Mike Lord,AMB,8200,"CH.""PATCHW""",Works,PATCHW,present,Atom Magic Book,,,
426,V4,AMB,Atom Magic Book,C.Book Listings,Bug Race,Game,Mike Lord,AMB,8200,"CH.""BUGRACE""",Works,BUGRACE,present,Atom Magic Book,,,
427,V4,AMB,Atom Magic Book,C.Book Listings,Space Battle,Game,Mike Lord,AMB,8200,"CH.""SPBAT""",Works,SPBAT,present,Atom Magic Book,,,
428,V4,AMB,Atom Magic Book,C.Book Listings,Hammurabi,Game,Mike Lord,AMB,8200,"CH.""HAMMUR""",Works,HAMMUR,present,Atom Magic Book,,,
429,V4,AMB,Atom Magic Book,C.Book Listings,Higher/Lower,Game,Mike Lord,AMB,8200,"CH.""HILO""",Works,HILO,present,Atom Magic Book,,,
430,V4,AMB,Atom Magic Book,C.Book Listings,Buzz-Word,Business,Mike Lord,AMB,8200,"CH.""BUZZW""",Works,BUZZW,present,Atom Magic Book,,,
431,V4,AMB,Atom Magic Book,C.Book Listings,Othello,Game,Mike Lord,AMB,8200,"CH.""OTHELLO""",Works,OTHELLO,present,Atom Magic Book,,,
432,V4,AMB,Atom Magic Book,C.Book Listings,Number Guessing A,Game,Mike Lord,AMB,8200,"CH.""NUMA""",Works,NUMA,present,Atom Magic Book,,,
433,V4,AMB,Atom Magic Book,C.Book Listings,Number Guessing B,Game,Mike Lord,AMB,8200,"CH.""NUMB""",Works,NUMB,present,Atom Magic Book,,,
434,V4,AMB,Atom Magic Book,C.Book Listings,Hexpawn,Game,Mike Lord,AMB,8200,"CH.""HEXPAWN""",Works,HEXPAWN,present,Atom Magic Book,,,
435,V4,AMB,Atom Magic Book,C.Book Listings,Drive,Game,Mike Lord,AMB,8200,"CH.""DRIVE""",Works,DRIVE,present,Atom Magic Book,,,
436,V4,AMB,Atom Magic Book,C.Book Listings,Biorythm,Simulation,Mike Lord,AMB,8200,"CH.""BIORYT""",Works,BIORYT,present,Atom Magic Book,,,
437,V4,AMB,Atom Magic Book,C.Book Listings,Sums tester,Educational,Mike Lord,AMB,8200,"CH.""SUMS""",Works,SUMS,present,Atom Magic Book,,,
438,V4,AMB,Atom Magic Book,C.Book Listings,Scramble,Game,Mike Lord,AMB,8200,"CH.""SCRAMB""",Works,SCRAMB,present,Atom Magic Book,,,
439,V4,AMB,Atom Magic Book,C.Book Listings,Designs,Graphics,Mike Lord,AMB,8200,"CH.""DESIGNS""",Works,DESIGNS,present,Atom Magic Book,,,
440,V4,AMB,Atom Magic Book,C.Book Listings,Hunt the Wampus,Game,Mike Lord,AMB,8200,"CH.""WAMPUS""",Works,WAMPUS,present,Atom Magic Book,,,
441,V4,AMB,Atom Magic Book,C.Book Listings,Simon,Game,Mike Lord,AMB,8200,"CH.""SIMON""",Works,SIMON,present,Atom Magic Book,,,
442,V4,AMB,Atom Magic Book,C.Book Listings,Screens,Utility,Mike Lord,AMB,8200,"CH.""SCREENS""",Works,SCREENS,present,Atom Magic Book,,,
443,V4,AMB,Atom Magic Book,C.Book Listings,Hangman,Game,Mike Lord,AMB,8200,"CH.""HANGMAN""",Works,HANGMAN,present,Atom Magic Book,,,
444,V4,ATAP,Atomic Theory,C.Book Listings,Cubic Curve,Graphics,David Johnson Davies,ATAP,8200,"CH.""4-18""",Works,4-18,present,Atomic Theory,,,
445,V4,ATAP,Atomic Theory,C.Book Listings,Curve Stitching,Graphics,David Johnson Davies,ATAP,8200,"CH.""5-6""",Works,5-6,present,Atomic Theory,,,
446,V4,ATAP,Atomic Theory,C.Book Listings,GCD,Utility,David Johnson Davies,ATAP,8200,"CH.""5-9""",Works,5-9,present,Atomic Theory,,,
447,V4,ATAP,Atomic Theory,C.Book Listings,Square Root,Utility,David Johnson Davies,ATAP,8200,"CH.""5-10""",Works,5-10,present,Atomic Theory,,,
448,V4,ATAP,Atomic Theory,C.Book Listings,Powers,Utility,David Johnson Davies,ATAP,8200,"CH.""5-11""",Works,5-11,present,Atomic Theory,,,
449,V4,ATAP,Atomic Theory,C.Book Listings,Digital Clock,Utility,David Johnson Davies,ATAP,8200,"CH.""5-13""",Works,5-13,present,Atomic Theory,,,
450,V4,ATAP,Atomic Theory,C.Book Listings,Reaction Timer,Utility,David Johnson Davies,ATAP,8200,"CH.""5-14""",Works,5-14,present,Atomic Theory,,,
451,V4,ATAP,Atomic Theory,C.Book Listings,Chequebook,Utility,David Johnson Davies,ATAP,8200,"CH.""6-3""",Works,6-3,present,Atomic Theory,,,
452,V4,ATAP,Atomic Theory,C.Book Listings,Linear Interpolation,Utility,David Johnson Davies,ATAP,8200,"CH.""6-4""",Works,6-4,present,Atomic Theory,,,
453,V4,ATAP,Atomic Theory,C.Book Listings,Tower of Hanoi,Game,David Johnson Davies,ATAP,8200,"CH.""6-6""",Works,6-6,present,Atomic Theory,,,
454,V4,ATAP,Atomic Theory,C.Book Listings,Eight Queens,Game,David Johnson Davies,ATAP,8200,"CH.""6-7""",Works,6-7,present,Atomic Theory,,,
455,V4,ATAP,Atomic Theory,C.Book Listings,Digital Waveform,Graphics,David Johnson Davies,ATAP,8200,"CH.""7-4""",Works,7-4,present,Atomic Theory,,,
456,V4,ATAP,Atomic Theory,C.Book Listings,Simultaneous Equations,Utility,David Johnson Davies,ATAP,8200,"CH.""7-5""",Works,7-5,present,Atomic Theory,,,
457,V4,ATAP,Atomic Theory,C.Book Listings,Prime Numbers,Utility,David Johnson Davies,ATAP,8200,"CH.""7-6""",Works,7-6,present,Atomic Theory,,,
458,V4,ATAP,Atomic Theory,C.Book Listings,Arb Prec Powers,Utility,David Johnson Davies,ATAP,8200,"CH.""7-8""",Works,7-8,present,Atomic Theory,,,
459,V4,ATAP,Atomic Theory,C.Book Listings,Animals,Game,David Johnson Davies,ATAP,8200,"CH.""9-3""",Broken - depends on BPUT/BGET,9-3,present,Atomic Theory,,,
460,V4,ATAP,Atomic Theory,C.Book Listings,Random Rectangles,Graphics,David Johnson Davies,ATAP,8200,"CH.""11-1""",Works,11-1,present,Atomic Theory,,,
461,V4,ATAP,Atomic Theory,C.Book Listings,Sierpinski Curve,Graphics,David Johnson Davies,ATAP,8200,"CH.""11-2""",Works,11-2,present,Atomic Theory,,,
462,V4,ATAP,Atomic Theory,C.Book Listings,3D Plotting,Graphics,David Johnson Davies,ATAP,8200,"CH.""11-3""",Works,11-3,present,Atomic Theory,,,
463,V4,ATAP,Atomic Theory,C.Book Listings,Hex Plotting,Graphics,David Johnson Davies,ATAP,8200,"CH.""11-4""",Works,11-4,present,Atomic Theory,,,
464,V4,ATAP,Atomic Theory,C.Book Listings,Clock,Graphics,David Johnson Davies,ATAP,8200,"CH.""11-5""",Works,11-5,present,Atomic Theory,,,
465,V4,ATAP,Atomic Theory,C.Book Listings,4 Colour Plot,Graphics,David Johnson Davies,ATAP,8200,"CH.""11-6""",Works,11-6,present,Atomic Theory,,,
466,V4,ATAP,Atomic Theory,C.Book Listings,Ram Test,Utility,David Johnson Davies,ATAP,8200,"CH.""12-1""",Works,12-1,present,Atomic Theory,,,
467,V4,ATAP,Atomic Theory,C.Book Listings,Rom Test,Utility,David Johnson Davies,ATAP,8200,"CH.""12-2""",Works,12-2,present,Atomic Theory,,,
468,V4,ATAP,Atomic Theory,C.Book Listings,Harpsichord,Music,David Johnson Davies,ATAP,8200,"CH.""17-3""",Works,17-3,present,Atomic Theory,,,
469,V4,ATAP,Atomic Theory,C.Book Listings,Bulls and Cows,Game,David Johnson Davies,ATAP,8200,"CH.""17-4""",Works,17-4,present,Atomic Theory,,,
470,V4,ATAP,Atomic Theory,C.Book Listings,Sine and Tangent,Graphics,David Johnson Davies,ATAP,8200,"CH.""22-1""",Works,22-1,present,Atomic Theory,,,
471,V4,ATAP,Atomic Theory,C.Book Listings,Cycloid Curve,Graphics,David Johnson Davies,ATAP,8200,"CH.""22-2""",Works,22-2,present,Atomic Theory,,,
472,V4,ATAP,Atomic Theory,C.Book Listings,Saddle Curve,Graphics,David Johnson Davies,ATAP,8200,"CH.""22-3""",Works,22-3,present,Atomic Theory,,,
473,V4,PPBA,Practical Programs,C.Book Listings,Silver-Dollar Game,Game,David Johnson Davies,PPBA,8200,"CH.""DOLLAR""",Works,DOLLAR,present,Practical Programs,,,
474,V4,PPBA,Practical Programs,C.Book Listings,Car Maze,Game,David Johnson Davies,PPBA,8200,"CH.""CARMAZE""",Works,CARMAZE,present,Practical Programs,,,
475,V4,PPBA,Practical Programs,C.Book Listings,Card Trick,Game,David Johnson Davies,PPBA,8200,"CH.""CARDTRIC""",Works,CARDTRIC,present,Practical Programs,,,
476,V4,PPBA,Practical Programs,C.Book Listings,Patterns,Game,David Johnson Davies,PPBA,8200,"CH.""PATTERNS""",Works,PATTERNS,present,Practical Programs,,,
477,V4,PPBA,Practical Programs,C.Book Listings,Contours,Graphics,David Johnson Davies,PPBA,8200,"CH.""CONTOURS""",Works,CONTOURS,present,Practical Programs,,,
478,V4,PPBA,Practical Programs,C.Book Listings,Rotation,Graphics,David Johnson Davies,PPBA,8200,"CH.""ROTATION""",Works,ROTATION,present,Practical Programs,,,
479,V4,PPBA,Practical Programs,C.Book Listings,Surface,Graphics,David Johnson Davies,PPBA,8200,"CH.""SURFACE""",Works,SURFACE,present,Practical Programs,,,
480,V4,PPBA,Practical Programs,C.Book Listings,Anagrams,Utility,David Johnson Davies,PPBA,8200,"CH.""ANAGRAMS""",Works,ANAGRAMS,present,Practical Programs,,,
481,V4,PPBA,Practical Programs,C.Book Listings,Buzz-Phrases,Utility,David Johnson Davies,PPBA,8200,"CH.""BUZZ""",Works,BUZZ,present,Practical Programs,,,
482,V4,PPBA,Practical Programs,C.Book Listings,Limericks,Utility,David Johnson Davies,PPBA,8200,"CH.""LIMERICK""",Works,LIMERICK,present,Practical Programs,,,
483,V4,PPBA,Practical Programs,C.Book Listings,Catalogue,Utility,David Johnson Davies,PPBA,8200,"CH.""CATALOG""",Works,CATALOG,present,Practical Programs,,,
484,V4,PPBA,Practical Programs,C.Book Listings,Fractions,Utility,David Johnson Davies,PPBA,8200,"CH.""FRACTION""",Works,FRACTION,present,Practical Programs,,,
485,V4,PPBA,Practical Programs,C.Book Listings,Polynomials,Utility,David Johnson Davies,PPBA,8200,"CH.""POLYNOMI""",Works,POLYNOMI,present,Practical Programs,,,
486,V4,PPBA,Practical Programs,C.Book Listings,Calculator,Utility,David Johnson Davies,PPBA,8200,"CH.""CALCULAT""",Works,CALCULAT,present,Practical Programs,,,
487,V4,PPBA,Practical Programs,C.Book Listings,Assignment,Language,David Johnson Davies,PPBA,8200,"CH.""ASSIGN""",Works,ASSIGN,present,Practical Programs,,,
488,V4,PPBA,Practical Programs,C.Book Listings,SPL - Bubble Sort,Language,David Johnson Davies,PPBA,3A00,"*LOAD SPLSORT
*LOAD COMPILER
?18=130
RUN",Works,"SPLSORT
COMPILER",present,Practical Programs,,,
489,V4,PPBA,Practical Programs,C.Book Listings,SPL - Crawling Snake,Language,David Johnson Davies,PPBA,3A00,"*LOAD SPLSNAKE
*LOAD COMPILER
?18=130
RUN",Works,"SPLSNAKE
COMPILER",present,Practical Programs,,,
490,V4,PPBA,Practical Programs,C.Book Listings,SPL - Primes,Language,David Johnson Davies,PPBA,3A00,"*LOAD SPLPRIME
*LOAD COMPILER
?18=130
RUN",Works,"SPLPRIME
COMPILER",present,Practical Programs,,,
491,V4,PPBA,Practical Programs,C.Book Listings,SPL - GCD,Language,David Johnson Davies,PPBA,3A00,"*LOAD SPLGCD
*LOAD COMPILER
?18=130
RUN",Works,"SPLGCD
COMPILER",present,Practical Programs,,,
492,V4,PPBA,Practical Programs,C.Book Listings,SPL - Multiply,Language,David Johnson Davies,PPBA,3A00,"*LOAD SPLMULT
*LOAD COMPILER
?18=130
RUN",Works,"SPLMULT
COMPILER",present,Practical Programs,,,
493,V4,PPBA,Practical Programs,C.Book Listings,SPL - Mastermind,Language,David Johnson Davies,PPBA,3A00,"*LOAD SPLMAST
*LOAD COMPILER
?18=130
RUN",Works,"SPLMAST
COMPILER",present,Practical Programs,,,
494,V4,TBOI,Interface,C.Book Listings,Holocaust,Game,Robert Heard,TBOI,8200,"CH.""HOLO""",Works,HOLO,present,Interface,,,
495,V4,TBOI,Interface,C.Book Listings,Breakout,Game,G. Hillebrand,TBOI,8200,"CH.""BROUT""",Works,BROUT,present,Interface,,,
496,V4,TBOI,Interface,C.Book Listings,Soccer,Game,Ian Smith,TBOI,8200,"CH.""SOCCER""",Works,SOCCER,present,Interface,,,
497,V4,TBOI,Interface,C.Book Listings,Life,Simulation,Anne Marshall,TBOI,8200,"CH.""LIFE""",Works,LIFE,present,Interface,,,
498,V4,TBOI,Interface,C.Book Listings,Ski-Run,Game,Robert Heard,TBOI,8200,"CH.""SKIRUN""",Works,SKIRUN,present,Interface,,,
499,V4,TBOI,Interface,C.Book Listings,Fruit Machine,Game,Ian Smith,TBOI,8200,"CH.""FRMACH""",Works,FRMACH,present,Interface,,,
500,V4,TBOI,Interface,C.Book Listings,10 Pin Bowling,Game,Tim Hartnell,TBOI,8200,"CH.""BOWLING""",Works,BOWLING,present,Interface,,,
501,V4,TBOI,Interface,C.Book Listings,Starwars,Game,G. Hillebrand,TBOI,8200,"CH.""STARWAR""",Works,STARWAR,present,Interface,,,
502,V4,TBOI,Interface,C.Book Listings,Invader Force,Game,Ian Smith,TBOI,8200,"CH.""INVADE""",Works,INVADE,present,Interface,,,
503,V4,TBOI,Interface,C.Book Listings,Number Rotate!,Game,Markus Jakobsson,TBOI,8200,"CH.""ROTATE""",Works,ROTATE,present,Interface,,,
504,V4,TBOI,Interface,C.Book Listings,Nim,Game,,TBOI,8200,"CH.""NIM""",Works,NIM,present,Interface,,,
505,V4,TBOI,Interface,C.Book Listings,Reversi,Game,Jeremy Ruston,TBOI,8200,"CH.""REVERSI""",Works,REVERSI,present,Interface,,,
506,V4,TBOI,Interface,C.Book Listings,Superothello,Game,Jeremy Ruston,TBOI,8200,"CH.""OTHELLO""",Works,OTHELLO,present,Interface,,,
507,V4,TBOI,Interface,C.Book Listings,E.T. Invaders,Game,G. Mathews,TBOI,8200,"CH.""ETINV""",Works,ETINV,present,Interface,,,
508,V4,TBOI,Interface,C.Book Listings,Deathstar Draughts,Game,Tim Hartnell,TBOI,8200,"CH.""DRAUGHT""",Works,DRAUGHT,present,Interface,,,
509,V4,TBOI,Interface,C.Book Listings,Thumble strummer 1,Game,Amelia Bridge,TBOI,8200,"CH.""THUM1""",Works,THUM1,present,Interface,,,
510,V4,TBOI,Interface,C.Book Listings,Thumble strummer 2,Game,Amelia Bridge,TBOI,8200,"CH.""THUM2""",Works,THUM2,present,Interface,,,
511,V4,TBOI,Interface,C.Book Listings,Amazing!,Game,Russel Heins and Robert Heard,TBOI,8200,"CH.""AMAZING""",Works,AMAZING,present,Interface,,,
512,V4,TBOI,Interface,C.Book Listings,Flight,Game,G.S. Buttrick,TBOI,8200,"CH.""FLIGHT""",Works,FLIGHT,present,Interface,,,
513,V4,TBOI,Interface,C.Book Listings,Symphonique,Music,Colin Barker,TBOI,8200,"CH.""SYMPH""",Works,SYMPH,present,Interface,,,
514,V4,TBOI,Interface,C.Book Listings,Kinetic String Art,Graphics,Jeremy Ruston,TBOI,8200,"CH.""KINETIC""",Works,KINETIC,present,Interface,,,
515,V4,TBOI,Interface,C.Book Listings,Saucer Plot,Graphics,Russel Heins and Robert Heard,TBOI,8200,"CH.""SAUCER""",Works,SAUCER,present,Interface,,,
516,V4,TBOI,Interface,C.Book Listings,Threedee etch,Graphics,Jeremy Ruston,TBOI,8200,"CH.""3DETCH""",Works,3DETCH,present,Interface,,,
517,V4,TBOI,Interface,C.Book Listings,Tablet,Graphics,Russel Heins and Robert Heard,TBOI,8200,"CH.""TABLET""",Works,TABLET,present,Interface,,,
518,V4,TBOI,Interface,C.Book Listings,Doomswatch Cave,Game,Tim Hartnell,TBOI,8200,"CH.""CAVE""",Works,CAVE,present,Interface,,,
519,V4,TBOI,Interface,C.Book Listings,Easter Sunday,Utility,Lars Jakobsson,TBOI,8200,"CH.""EASTER""",Works,EASTER,present,Interface,,,
520,V4,TBOI,Interface,C.Book Listings,Twenty-one,Game,,TBOI,8200,"CH.""21""",Works,21,present,Interface,,,
521,V4,TBOI,Interface,C.Book Listings,Spiral Eater,Game,Ken Mahohany,TBOI,8200,"CH.""SPIRAL""",Works,SPIRAL,present,Interface,,,
522,V4,TBOI,Interface,C.Book Listings,Yahtzee,Game,Ian Smith,TBOI,8200,"CH.""YAHTZEE""",Works,YAHTZEE,present,Interface,,,
523,V4,TBOI,Interface,C.Book Listings,24 Steps,Game,,TBOI,8200,"CH.""24STEPS""",Works,24STEPS,present,Interface,,,
524,V4,TBOI,Interface,C.Book Listings,Schizo,Game,Mark Devon,TBOI,8200,"CH.""SCHIZO""",Works,SCHIZO,present,Interface,,,
525,V4,TBOI,Interface,C.Book Listings,Ice Cave,Graphics,Normal Alms,TBOI,8200,"CH.""ICECAVE""",Works,ICECAVE,present,Interface,,,
526,V4,TBOI,Interface,C.Book Listings,Data Sort,Utility,,TBOI,8200,"CH.""DATASORT""",Works,DATASORT,present,Interface,,,
527,V4,TBOI,Interface,C.Book Listings,100 Up,Game,Ian Smith,TBOI,8200,"CH.""100UP""",Works,100UP,present,Interface,,,
528,V4,TBOI,Interface,C.Book Listings,Demon,Game,Wilton J. Faberge,TBOI,8200,"CH.""DEMON""",Works,DEMON,present,Interface,,,
529,V4,TBOI,Interface,C.Book Listings,Monster munch,Game,Tim Hartnell,TBOI,8200,"CH.""MONSTER""",Works,MONSTER,present,Interface,,,
530,V4,TBOI,Interface,C.Book Listings,Asteroid belt,Game,Ian Smith,TBOI,8200,"CH.""ASTROID""",Works,ASTROID,present,Interface,,,
531,V4,TBOI,Interface,C.Book Listings,Co-ord,Game,Robert Heard,TBOI,8200,"CH.""COORD""",Works,COORD,present,Interface,,,
532,V4,TBOI,Interface,C.Book Listings,Artist,Graphics,Ken North,TBOI,8200,"CH.""ARTIST""",Works,ARTIST,present,Interface,,,
533,V5,C&VG,C&VG,D.Magazine Listings,Dodgems,Game,John Dyson,CVG,8200,"CH.""DODGEMS""",Works,DODGEMS,present,,,,
534,V4,C&VG,C&VG,D.Magazine Listings,Breakout,Game,Tim Jackson,CVG,8200,"CH.""BREAKOU""",Works,BREAKOU,present,,,,
535,,C&VG,C&VG,D.Magazine Listings,Life,Game,Tim Jackson,CVG,8200,,,,missing,,,,
536,V5,C&VG,C&VG,D.Magazine Listings,Alien Hunt,Game,John Kirk,CVG,8200,"CH.""ALIEN""",Works,ALIEN,present,,,,
537,,C&VG,C&VG,D.Magazine Listings,Entomb,Game,Murray Allen,CVG,8200,,,,missing,,,,
538,,C&VG,C&VG,D.Magazine Listings,Moon Lander,Game,S Draper,CVG,8200,,,,missing,,,,
539,,C&VG,C&VG,D.Magazine Listings,Spiderman,Game,Martin Hurley,CVG,8200,,,,missing,,,,
540,,C&VG,C&VG,D.Magazine Listings,Save the Princess,Game,George Taylor,CVG,8200,,,,missing,,,,
541,V5,C&VG,C&VG,D.Magazine Listings,Snakes & Ladders,Game,A. Worral,CVG,8200,"CH.""LADDERS""",Works,LADDERS,present,,,,
542,V4,C&VG,C&VG,D.Magazine Listings,Haunted House,Game,Alex Pearson,CVG,8200,"CH.""HAUNTED""",Works,HAUNTED,present,,,,
543,V4,C&VG,C&VG,D.Magazine Listings,Starwar,Game,J. C. Flower,CVG,8200,"CH.""STARWAR""",Works,STARWAR,present,,,,
544,,C&VG,C&VG,D.Magazine Listings,Mining Colony,Game,Robert Campbell,CVG,8200,,,,missing,,,,
545,,C&VG,C&VG,D.Magazine Listings,Monster,Game,Marcus Jakobsson,CVG,8200,,,,missing,,,,
546,,C&VG,C&VG,D.Magazine Listings,Bullion Snatch,Game,Stephen Mayfroidt,CVG,8200,,,,missing,,,,
547,,C&VG,C&VG,D.Magazine Listings,Rhino,Game,R. M. Andrews,CVG,8200,,,,missing,,,,
548,V5,C&VG,C&VG,D.Magazine Listings,Formula One,Game,Chris Johnson,CVG,8200,"CH.""RACING""",Works,RACING,present,,,,
549,,C&VG,C&VG,D.Magazine Listings,Grow,Game,Marcus Jacobsson,CVG,8200,,,,missing,,,,
550,V4,C&VG,C&VG,D.Magazine Listings,Duck Shoot,Game,Tim Jackson,CVG,8200,"CH.""DUCK""",Works,DUCK,present,,,,
551,V4,WUYA,Wake up your Atom,C.Book Listings,Hostage,Game,,WUYA,8200,"CH.""HOSTAGE""",Works,HOSTAGE,present,Wake up your Atom,,,
552,V4,WUYA,Wake up your Atom,C.Book Listings,Hyperman,Game,,WUYA,8200,"CH.""HYPERMAN""",Works,HYPERMAN,present,Wake up your Atom,,,
553,V4,WUYA,Wake up your Atom,C.Book Listings,Bone Hunt,Game,,WUYA,8200,"CH.""BONEHUNT""",Works,BONEHUNT,present,Wake up your Atom,,,
554,V4,WUYA,Wake up your Atom,C.Book Listings,Directory,Business,,WUYA,8200,"CH.""DIRECTOR""",Works,DIRECTOR,present,Wake up your Atom,,,
555,V4,WUYA,Wake up your Atom,C.Book Listings,Tennis,Game,,WUYA,8200,"CH.""TENNIS""",Works,TENNIS,present,Wake up your Atom,,,
556,V4,WUYA,Wake up your Atom,C.Book Listings,French Test,Educational,,WUYA,8200,"CH.""FRENCH""",Works,FRENCH,present,Wake up your Atom,,,
557,V4,WUYA,Wake up your Atom,C.Book Listings,Pontoon,Game,,WUYA,8200,"*LOAD PONTOON
RUN",Works,PONTOON,present,Wake up your Atom,,,
558,V4,WUYA,Wake up your Atom,C.Book Listings,Safe Break,Educational,,WUYA,8200,"CH.""SAFEBRK""",Works,SAFEBRK,present,Wake up your Atom,,,
559,V4,WUYA,Wake up your Atom,C.Book Listings,Alarm Clock,Utility,,WUYA,8200,"CH.""ALARM""",Works,ALARM,present,Wake up your Atom,,,
560,V4,WUYA,Wake up your Atom,C.Book Listings,Wipeout,Game,,WUYA,8200,"CH.""WIPEOUT""",Works,WIPEOUT,present,Wake up your Atom,,,
561,V4,WUYA,Wake up your Atom,C.Book Listings,Cat and Mouse,Game,,WUYA,8200,"CH.""CATMOUSE""",Works,CATMOUSE,present,Wake up your Atom,,,
562,V4,WUYA,Wake up your Atom,C.Book Listings,Anagrams,Utility,,WUYA,8200,"CH.""ANAGRAM""",Works,ANAGRAM,present,Wake up your Atom,,,
563,V4,WUYA,Wake up your Atom,C.Book Listings,Spacefire,Game,,WUYA,8200,"CH.""SPAFIRE""",Works,SPAFIRE,present,Wake up your Atom,,,
564,V4,WUYA,Wake up your Atom,C.Book Listings,Bases,Utility,,WUYA,8200,"CH.""BASES""",Works,BASES,present,Wake up your Atom,,,
565,V4,WUYA,Wake up your Atom,C.Book Listings,Shoot Out,Game,,WUYA,8200,"CH.""SHOOTOUT""",Works,SHOOTOUT,present,Wake up your Atom,,,
566,V4,WUYA,Wake up your Atom,C.Book Listings,Solitaire,Game,,WUYA,8200,"CH.""SOLIT""",Works,SOLIT,present,Wake up your Atom,,,
567,V4,WUYA,Wake up your Atom,C.Book Listings,Beetle,Game,,WUYA,8200,"CH.""BEETLE""",Works,BEETLE,present,Wake up your Atom,,,
568,V4,WUYA,Wake up your Atom,C.Book Listings,Helicopter Lander,Game,,WUYA,8200,"CH.""HELICOP""",Works,HELICOP,present,Wake up your Atom,,,
569,V4,WUYA,Wake up your Atom,C.Book Listings,Atomic Drawing Pad,Graphics,,WUYA,8200,"CH.""DRAWING""",Works,DRAWING,present,Wake up your Atom,,,
570,V4,WUYA,Wake up your Atom,C.Book Listings,Fractions,Utility,,WUYA,8200,"CH.""FRACTION""",Works,FRACTION,present,Wake up your Atom,,,
571,V5,NC,Non Comm,B.Non Commercial Software,Devil's Dungeon,Adventure,Jerry Lakin,NC,8200,"CH.""DUNGEON""",Works,DUNGEON,present,,,,
572,V5,AT,Atomic S/W,A.Commercial Software,Dragon Writer,Business,,AT,8200,"CH.""DRAGON""",Works,DRAGON,present,,,,
573,V5,ECCE,ECCE Prods,C.Book Listings,Alpha Beta Sort,Educational,,ECCE,8200,"*LOAD ABSORT
CH.""ABDEMO""",Works,"ABSORT
ABDEMO",present,Atomic Machine Code,,,
574,V5,ECCE,ECCE Prods,C.Book Listings,Auto Number,Educational,,ECCE,8200,*RUN AUTONUM,Works,AUTONUM,present,Atomic Machine Code,,,
575,V5,ECCE,ECCE Prods,C.Book Listings,BRK & Page 0,Educational,,ECCE,8200,*LOAD BRKPAG0,Broken - need the book understand,BRKPAG0,present,Atomic Machine Code,,,
576,V5,ECCE,ECCE Prods,C.Book Listings,*CAT Store,Educational,,ECCE,8200,"CH.""CATSTO""",Broken - need the book understand,CATSTO,present,Atomic Machine Code,,,
577,V5,ECCE,ECCE Prods,C.Book Listings,Realtime Clock,Educational,,ECCE,8200,"*LOAD CLOCK
RUN",Works,CLOCK,present,Atomic Machine Code,,,
578,V5,ECCE,ECCE Prods,C.Book Listings,Delete Lines,Educational,,ECCE,8200,"CH.""DELLINE""",Works,DELLINE,present,Atomic Machine Code,,,
579,V5,ECCE,ECCE Prods,C.Book Listings,Design Letters,Educational,,ECCE,8200,"CH.""DESLET""",Works,DESLET,present,Atomic Machine Code,,,
580,V5,ECCE,ECCE Prods,C.Book Listings,Direct Hex,Educational,,ECCE,8200,"CH.""DIRHEX""",Works,DIRHEX,present,Atomic Machine Code,,,
581,V5,ECCE,ECCE Prods,C.Book Listings,Screen Chase (e),Educational,,ECCE,8200,"CH.""CHASE""","Broken - corrupt - needs OLD, then Error 72",CHASE,present,Atomic Machine Code,,,
582,V5,ECCE,ECCE Prods,C.Book Listings,Pontoon (e),Educational,,ECCE,8200,"CH.""PONTOON""","Broken - corrupt - needs OLD, then Error 78",PONTOON,present,Atomic Machine Code,,,
583,V5,ECCE,ECCE Prods,C.Book Listings,Pools (e),Educational,,ECCE,8200,"CH.""POOLS""","Broken - corrupt - needs OLD, the corrupt at 690",POOLS,present,Atomic Machine Code,,,
584,V5,ECCE,ECCE Prods,C.Book Listings,Find End of Text,Educational,,ECCE,8200,"CH.""FINDEND""",Works,FINDEND,present,Atomic Machine Code,,,
585,V5,ECCE,ECCE Prods,C.Book Listings,Flashing Lines,Educational,,ECCE,8200,"CH.""FLASH""",Works,FLASH,present,Atomic Machine Code,,,
586,V5,ECCE,ECCE Prods,C.Book Listings,Fruit Machine,Educational,,ECCE,8200,"CH.""FRUIT""",Works,FRUIT,present,Atomic Machine Code,,,
587,V5,ECCE,ECCE Prods,C.Book Listings,Index,Educational,,ECCE,8200,*RUN INDEX,Works,INDEX,present,Atomic Machine Code,,,
588,V5,ECCE,ECCE Prods,C.Book Listings,Key Scan,Educational,,ECCE,8200,"CH.""KEYSCAN""",Works,KEYSCAN,present,Atomic Machine Code,,,
589,V5,ECCE,ECCE Prods,C.Book Listings,Long Strings,Educational,,ECCE,8200,"CH.""LONGSTR""",Works,LONGSTR,present,Atomic Machine Code,,,
590,V5,ECCE,ECCE Prods,C.Book Listings,Menu,Educational,,ECCE,8200,*LOAD MENU,Broken - need the book understand,MENU,present,Atomic Machine Code,,,
591,V5,ECCE,ECCE Prods,C.Book Listings,On Error,Educational,,ECCE,8200,*LOAD ONERROR,Broken - need the book understand,ONERROR,present,Atomic Machine Code,,,
592,V5,ECCE,ECCE Prods,C.Book Listings,Read/Data/Restore,Educational,,ECCE,8200,*LOAD READDAT,Broken - need the book understand,READDAT,present,Atomic Machine Code,,,
593,V5,ECCE,ECCE Prods,C.Book Listings,Record Test,Educational,,ECCE,8200,"CH.""RECTST""",Works,RECTST,present,Atomic Machine Code,,,
594,V5,ECCE,ECCE Prods,C.Book Listings,Record Verify,Educational,,ECCE,8200,"CH.""RECVER""",Works,RECVER,present,Atomic Machine Code,,,
595,V5,ECCE,ECCE Prods,C.Book Listings,Renumber,Educational,,ECCE,8200,"CH.""RENUM""",Works,RENUM,present,Atomic Machine Code,,,
596,V5,ECCE,ECCE Prods,C.Book Listings,Search Lines,Educational,,ECCE,8200,"*LOAD SEARCH
RUN",Works,SEARCH,present,Atomic Machine Code,,,
597,V5,ECCE,ECCE Prods,C.Book Listings,Transfer Test,Educational,,ECCE,8200,"CH.""TRANSF""",Works,TRANSF,present,Atomic Machine Code,,,
598,V5,ECCE,ECCE Prods,C.Book Listings,Write Mode 4 (e),Educational,,ECCE,8200,*RUN WRTMODE4,Broken - corrupt,WRTMODE4,present,Atomic Machine Code,,,
599,V5,NC,Non Comm,B.Non Commercial Software,BBC Lister,Utility,,NC,8200,"CH.""BBCLIST""","Works, but needs bbc prog as 8218",BBCLIST,present,,,,
604,V5,YC,Your Computer,D.Magazine Listings,Easy Atom Codes,Utility,,YC,8200,"CH.""ERRDEMO""",Works,"ERRDEMO
ERRPROG
ERRTAB",present,,,,
606,V5,PP,Prog Power,A.Commercial Software,Mode 4 VDU (2900),Utility,R.M.P. Hanson,PP,8200,*RUN VDU29,Works,VDU29,present,,,,
607,V5,PP,Prog Power,A.Commercial Software,Mode 4 VDU (3400),Utility,R.M.P. Hanson,PP,8200,*RUN VDU34,Works,VDU34,present,,,,
608,V5,PSI,Psion,A.Commercial Software,Screen Copy - EPS3B,Utility,,PSI,8200,*RUN EPS3B,Works - but need printer to test,EPS3B,present,,,,
609,V5,PSI,Psion,A.Commercial Software,Screen Copy - EPS28,Utility,,PSI,8200,*RUN EPS28,Works - but need printer to test,EPS28,present,,,,
610,V5,PSI,Psion,A.Commercial Software,Screen Copy - EPSCOPY,Utility,,PSI,8200,"CH.""EPSCOPY""",Works,EPSCOPY,present,,,,
611,V5,PSI,Psion,A.Commercial Software,Screen Copy - GP3B,Utility,,PSI,8200,*RUN GPS3B,Works - but need printer to test,GP3B,present,,,,
612,V5,PSI,Psion,A.Commercial Software,Screen Copy - GP28,Utility,,PSI,8200,*RUN GPS28,Works - but need printer to test,GP28,present,,,,
613,V5,PSI,Psion,A.Commercial Software,Screen Copy - GPCOPY,Utility,,PSI,8200,"CH.""GPSCOPY""",Works,GPCOPY,present,,,,
614,V5,HS,Hopesoft,A.Commercial Software,PS2A Sample Adventure,Language,,HS,8200,"*LOAD PROG
*RUN PS2A
",Works,"PROG
PS2A",present,,,,
615,V5,RS,Retro S/W,A.Commercial Software,Repton,Game,,RS/REPTON,8200,*RUN REPTON,Works,"LOADER
REPSCR
REPTON",present,RS Colour,,,
616,V5,NC,Non Comm,B.Non Commercial Software,Lost Gold (32K)(R),Adventure,,OTHER,8200,"CH.""ADVLDG""",Works,ADVLDG,present,,,,
616,V6,NC,Non Comm,B.Non Commercial Software,HubPlay,Music,,SID,8200,*RUN HUBPLAY,Test,HUBPLAY,present,SID,,,
617,V6,NC,Non Comm,B.Non Commercial Software,Reptune,Music,,SID,8200,*RUN REPTUNE,Test,REPTUNE,present,SID,,,
618,V6,NC,Non Comm,B.Non Commercial Software,SidTest,Music,,SID,8200,"CH.""SIDTEST""",Test,SIDTEST,present,SID,,,
619,V6,NC,Non Comm,B.Non Commercial Software,AtomSID (32K),Music,,SID,2900,*RUN SIDMENU,Test,"AXELF
BLADERU
BLUESBR
CHARIOT
GHOST
GREATES
JUNGLEB
LIONKIN
SIDMENU
MIDNIGH
ROCKY
TERMINA
TITANIC
TOPGUN
WIZARDO",present,SID,Yes,,
